"0	2	25	5	0.2	0.2	0.20	0.60	0.50	0.40	0.40	0.20	0.2	0	2023-07-20 15:52:35.325080	2023-07-20 16:02:28.776732	0:09:53.451652	1.0	1.0	0.8431817258358236	0.9904483965273337	0.7872340425531915	TOKEN_BASED-ETCONFORMANCE_TOKEN	['begin', 'A', 'B', 'C', 'D', 'E', 'F', 'G', 'H', 'I', 'J', 'K', 'end']	[[0, 1, 0, 0, 0, 0, 0, 0, 0, 0, 0, 0, 0, 0], [0, 0, 1, 1, 0, 0, 0, 0, 0, 0, 0, 0, 0, 0], [0, 0, 0, 0, 1, 0, 0, 0, 0, 0, 0, 0, 0, 0], [0, 0, 0, 0, 1, 0, 0, 0, 0, 0, 0, 0, 0, 0], [0, 0, 0, 0, 0, 1, 0, 0, 0, 0, 0, 0, 0, 0], [0, 0, 0, 0, 0, 0, 1, 1, 0, 0, 0, 0, 0, 0], [0, 0, 0, 0, 0, 0, 0, 1, 1, 0, 0, 0, 0, 0], [0, 0, 0, 0, 0, 0, 1, 0, 1, 0, 0, 0, 0, 0], [0, 0, 0, 0, 1, 0, 0, 0, 0, 1, 0, 0, 0, 0], [0, 0, 0, 0, 0, 0, 0, 0, 0, 0, 1, 0, 0, 0], [0, 0, 0, 0, 0, 0, 0, 0, 0, 0, 1, 1, 0, 0], [0, 0, 0, 0, 0, 0, 0, 0, 0, 0, 0, 0, 1, 0], [0, 0, 0, 0, 0, 0, 0, 0, 0, 0, 0, 0, 0, 0], [0, 0, 0, 0, 0, 0, 0, 0, 0, 0, 0, 0, 0, 0]]	log-artigo10000.xes.gz	[[0.8642635120402813, 1.0, 0.9844738257493845, 0, 1.0, 0.8431817258358236, 0.9904483965273337, 0.7872340425531915, 0, 0, 0, 0]]"
"0	0	25	3	0.2	0.2	0.40	0.40	0.70	0.40	0.40	0.30	0.2	0	2023-07-20 15:52:33.091891	2023-07-20 16:02:31.891323	0:09:58.799432	1.0	1.0	0.8431817258358236	0.9904483965273337	0.7872340425531915	TOKEN_BASED-ETCONFORMANCE_TOKEN	['begin', 'A', 'B', 'C', 'D', 'E', 'F', 'G', 'H', 'I', 'J', 'K', 'end']	[[0, 1, 0, 0, 0, 0, 0, 0, 0, 0, 0, 0, 0, 0], [0, 0, 1, 1, 0, 0, 0, 0, 0, 0, 0, 0, 0, 0], [0, 0, 0, 0, 1, 0, 0, 0, 0, 0, 0, 0, 0, 0], [0, 0, 0, 0, 1, 0, 0, 0, 0, 0, 0, 0, 0, 0], [0, 0, 0, 0, 0, 1, 0, 0, 0, 0, 0, 0, 0, 0], [0, 0, 0, 0, 0, 0, 1, 1, 0, 0, 0, 0, 0, 0], [0, 0, 0, 0, 0, 0, 0, 1, 1, 0, 0, 0, 0, 0], [0, 0, 0, 0, 0, 0, 1, 0, 1, 0, 0, 0, 0, 0], [0, 0, 0, 0, 1, 0, 0, 0, 0, 1, 0, 0, 0, 0], [0, 0, 0, 0, 0, 0, 0, 0, 0, 0, 1, 0, 0, 0], [0, 0, 0, 0, 0, 0, 0, 0, 0, 0, 1, 1, 0, 0], [0, 0, 0, 0, 0, 0, 0, 0, 0, 0, 0, 0, 1, 0], [0, 0, 0, 0, 0, 0, 0, 0, 0, 0, 0, 0, 0, 0], [0, 0, 0, 0, 0, 0, 0, 0, 0, 0, 0, 0, 0, 0]]	log-artigo10000.xes.gz	[[0.7894977312830854, 1.0, 0.9811879282733743, 0, 1.0, 0.8431817258358236, 0.9904483965273337, 0.7872340425531915, 0, 0, 0, 0]]"
"0	1	25	4	0.2	0.2	0.10	0.50	0.60	0.40	0.20	0.30	0.2	0	2023-07-20 15:52:34.222544	2023-07-20 16:02:44.617934	0:10:10.395390	1.0	1.0	0.8431817258358236	0.9904483965273337	0.7872340425531915	TOKEN_BASED-ETCONFORMANCE_TOKEN	['begin', 'A', 'B', 'C', 'D', 'E', 'F', 'G', 'H', 'I', 'J', 'K', 'end']	[[0, 1, 0, 0, 0, 0, 0, 0, 0, 0, 0, 0, 0, 0], [0, 0, 1, 1, 0, 0, 0, 0, 0, 0, 0, 0, 0, 0], [0, 0, 0, 0, 1, 0, 0, 0, 0, 0, 0, 0, 0, 0], [0, 0, 0, 0, 1, 0, 0, 0, 0, 0, 0, 0, 0, 0], [0, 0, 0, 0, 0, 1, 0, 0, 0, 0, 0, 0, 0, 0], [0, 0, 0, 0, 0, 0, 1, 1, 0, 0, 0, 0, 0, 0], [0, 0, 0, 0, 0, 0, 0, 1, 1, 0, 0, 0, 0, 0], [0, 0, 0, 0, 0, 0, 1, 0, 1, 0, 0, 0, 0, 0], [0, 0, 0, 0, 1, 0, 0, 0, 0, 1, 0, 0, 0, 0], [0, 0, 0, 0, 0, 0, 0, 0, 0, 0, 1, 0, 0, 0], [0, 0, 0, 0, 0, 0, 0, 0, 0, 0, 1, 1, 0, 0], [0, 0, 0, 0, 0, 0, 0, 0, 0, 0, 0, 0, 1, 0], [0, 0, 0, 0, 0, 0, 0, 0, 0, 0, 0, 0, 0, 0], [0, 0, 0, 0, 0, 0, 0, 0, 0, 0, 0, 0, 0, 0]]	log-artigo10000.xes.gz	[[0.8567924964288717, 1.0, 0.98605138693732, 0, 1.0, 0.8431817258358236, 0.9904483965273337, 0.7872340425531915, 0, 0, 0, 0]]"
"0	3	25	6	0.2	0.2	0.30	0.70	0.40	0.40	0.20	0.30	0.2	0	2023-07-20 15:52:36.397988	2023-07-20 16:03:09.838225	0:10:33.440237	1.0	1.0	0.8431817258358236	0.9904483965273337	0.7872340425531915	TOKEN_BASED-ETCONFORMANCE_TOKEN	['begin', 'A', 'B', 'C', 'D', 'E', 'F', 'G', 'H', 'I', 'J', 'K', 'end']	[[0, 1, 0, 0, 0, 0, 0, 0, 0, 0, 0, 0, 0, 0], [0, 0, 1, 1, 0, 0, 0, 0, 0, 0, 0, 0, 0, 0], [0, 0, 0, 0, 1, 0, 0, 0, 0, 0, 0, 0, 0, 0], [0, 0, 0, 0, 1, 0, 0, 0, 0, 0, 0, 0, 0, 0], [0, 0, 0, 0, 0, 1, 0, 0, 0, 0, 0, 0, 0, 0], [0, 0, 0, 0, 0, 0, 1, 1, 0, 0, 0, 0, 0, 0], [0, 0, 0, 0, 0, 0, 0, 1, 1, 0, 0, 0, 0, 0], [0, 0, 0, 0, 0, 0, 1, 0, 1, 0, 0, 0, 0, 0], [0, 0, 0, 0, 1, 0, 0, 0, 0, 1, 0, 0, 0, 0], [0, 0, 0, 0, 0, 0, 0, 0, 0, 0, 1, 0, 0, 0], [0, 0, 0, 0, 0, 0, 0, 0, 0, 0, 1, 1, 0, 0], [0, 0, 0, 0, 0, 0, 0, 0, 0, 0, 0, 0, 1, 0], [0, 0, 0, 0, 0, 0, 0, 0, 0, 0, 0, 0, 0, 0], [0, 0, 0, 0, 0, 0, 0, 0, 0, 0, 0, 0, 0, 0]]	log-artigo10000.xes.gz	[[0.9155769259575489, 1.0, 0.9954773350114663, 0, 1.0, 0.8431817258358236, 0.9904483965273337, 0.7872340425531915, 0, 0, 0, 0]]"
"0	2	25	5	0.2	0.2	0.20	0.60	0.50	0.40	0.40	0.20	0.2	1	2023-07-20 15:52:35.325080	2023-07-20 16:11:27.750029	0:18:52.424949	1.0	1.0	0.8431817258358236	0.9904483965273337	0.7872340425531915	TOKEN_BASED-ETCONFORMANCE_TOKEN	['begin', 'A', 'B', 'C', 'D', 'E', 'F', 'G', 'H', 'I', 'J', 'K', 'end']	[[0, 1, 0, 0, 0, 0, 0, 0, 0, 0, 0, 0, 0, 0], [0, 0, 1, 1, 0, 0, 0, 0, 0, 0, 0, 0, 0, 0], [0, 0, 0, 0, 1, 0, 0, 0, 0, 0, 0, 0, 0, 0], [0, 0, 0, 0, 1, 0, 0, 0, 0, 0, 0, 0, 0, 0], [0, 0, 0, 0, 0, 1, 0, 0, 0, 0, 0, 0, 0, 0], [0, 0, 0, 0, 0, 0, 1, 1, 0, 0, 0, 0, 0, 0], [0, 0, 0, 0, 0, 0, 0, 1, 1, 0, 0, 0, 0, 0], [0, 0, 0, 0, 0, 0, 1, 0, 1, 0, 0, 0, 0, 0], [0, 0, 0, 0, 1, 0, 0, 0, 0, 1, 0, 0, 0, 0], [0, 0, 0, 0, 0, 0, 0, 0, 0, 0, 1, 0, 0, 0], [0, 0, 0, 0, 0, 0, 0, 0, 0, 0, 1, 1, 0, 0], [0, 0, 0, 0, 0, 0, 0, 0, 0, 0, 0, 0, 1, 0], [0, 0, 0, 0, 0, 0, 0, 0, 0, 0, 0, 0, 0, 0], [0, 0, 0, 0, 0, 0, 0, 0, 0, 0, 0, 0, 0, 0]]	log-artigo10000.xes.gz	[[0.8642635120402813, 1.0, 0.9844738257493845, 0, 1.0, 0.8431817258358236, 0.9904483965273337, 0.7872340425531915, 0, 0, 0, 0], [0.9640643567318955, 1.0, 0.9915493707646844, 1, 1.0, 0.8431817258358236, 0.9904483965273337, 0.7872340425531915, 1, 1, 1, 1]]"
"0	0	25	3	0.2	0.2	0.40	0.40	0.70	0.40	0.40	0.30	0.2	1	2023-07-20 15:52:33.091891	2023-07-20 16:11:45.082289	0:19:11.990398	1.0	1.0	0.8280113609570482	0.9471833600529491	0.7692307692307694	TOKEN_BASED-ETCONFORMANCE_TOKEN	['begin', 'A', 'B', 'C', 'D', 'E', 'F', 'G', 'H', 'I', 'J', 'K', 'end']	[[0, 1, 0, 0, 0, 0, 0, 0, 0, 0, 0, 0, 0, 0], [0, 0, 1, 1, 0, 0, 0, 0, 0, 0, 0, 0, 0, 0], [0, 0, 0, 0, 1, 0, 0, 0, 0, 0, 1, 0, 0, 0], [0, 0, 0, 0, 1, 0, 0, 0, 0, 0, 0, 0, 0, 0], [0, 0, 0, 0, 0, 1, 0, 0, 0, 0, 0, 0, 0, 0], [0, 0, 0, 0, 0, 0, 1, 1, 0, 0, 0, 0, 0, 0], [0, 0, 0, 0, 0, 0, 0, 1, 1, 0, 0, 0, 0, 0], [0, 0, 0, 0, 0, 0, 1, 0, 1, 0, 0, 0, 0, 0], [0, 0, 0, 0, 1, 0, 0, 0, 0, 1, 0, 0, 0, 0], [0, 0, 0, 0, 0, 0, 0, 0, 0, 0, 1, 0, 0, 0], [0, 0, 0, 0, 0, 0, 0, 0, 0, 0, 1, 1, 0, 0], [0, 0, 0, 0, 0, 0, 0, 0, 0, 0, 0, 0, 1, 0], [0, 0, 0, 0, 0, 0, 0, 0, 0, 0, 0, 0, 0, 0], [0, 1, 0, 0, 0, 0, 0, 0, 0, 0, 0, 0, 0, 0]]	log-artigo10000.xes.gz	[[0.7894977312830854, 1.0, 0.9811879282733743, 0, 1.0, 0.8431817258358236, 0.9904483965273337, 0.7872340425531915, 0, 0, 0, 0], [0.9705118026542414, 1.0, 0.9976552778339369, 1, 1.0, 0.8280113609570482, 0.9471833600529491, 0.7692307692307694, 1, -1, -1, -1]]"
"0	1	25	4	0.2	0.2	0.10	0.50	0.60	0.40	0.20	0.30	0.2	1	2023-07-20 15:52:34.222544	2023-07-20 16:13:06.164693	0:20:31.942149	1.0	1.0	0.8431817258358236	0.9904483965273337	0.7872340425531915	TOKEN_BASED-ETCONFORMANCE_TOKEN	['begin', 'A', 'B', 'C', 'D', 'E', 'F', 'G', 'H', 'I', 'J', 'K', 'end']	[[0, 1, 0, 0, 0, 0, 0, 0, 0, 0, 0, 0, 0, 0], [0, 0, 1, 1, 0, 0, 0, 0, 0, 0, 0, 0, 0, 0], [0, 0, 0, 0, 1, 0, 0, 0, 0, 0, 0, 0, 0, 0], [0, 0, 0, 0, 1, 0, 0, 0, 0, 0, 0, 0, 0, 0], [0, 0, 0, 0, 0, 1, 0, 0, 0, 0, 0, 0, 0, 0], [0, 0, 0, 0, 0, 0, 1, 1, 0, 0, 0, 0, 0, 0], [0, 0, 0, 0, 0, 0, 0, 1, 1, 0, 0, 0, 0, 0], [0, 0, 0, 0, 0, 0, 1, 0, 1, 0, 0, 0, 0, 0], [0, 0, 0, 0, 1, 0, 0, 0, 0, 1, 0, 0, 0, 0], [0, 0, 0, 0, 0, 0, 0, 0, 0, 0, 1, 0, 0, 0], [0, 0, 0, 0, 0, 0, 0, 0, 0, 0, 1, 1, 0, 0], [0, 0, 0, 0, 0, 0, 0, 0, 0, 0, 0, 0, 1, 0], [0, 0, 0, 0, 0, 0, 0, 0, 0, 0, 0, 0, 0, 0], [0, 0, 0, 0, 0, 0, 0, 0, 0, 0, 0, 0, 0, 0]]	log-artigo10000.xes.gz	[[0.8567924964288717, 1.0, 0.98605138693732, 0, 1.0, 0.8431817258358236, 0.9904483965273337, 0.7872340425531915, 0, 0, 0, 0], [1.0, 1.0, 1.0, 1, 1.0, 0.8431817258358236, 0.9904483965273337, 0.7872340425531915, 1, 1, 1, 1]]"
"0	3	25	6	0.2	0.2	0.30	0.70	0.40	0.40	0.20	0.30	0.2	1	2023-07-20 15:52:36.397988	2023-07-20 16:13:29.822665	0:20:53.424677	1.0	1.0	0.8431817258358236	0.9904483965273337	0.7872340425531915	TOKEN_BASED-ETCONFORMANCE_TOKEN	['begin', 'A', 'B', 'C', 'D', 'E', 'F', 'G', 'H', 'I', 'J', 'K', 'end']	[[0, 1, 0, 0, 0, 0, 0, 0, 0, 0, 0, 0, 0, 0], [0, 0, 1, 1, 0, 0, 0, 0, 0, 0, 0, 0, 0, 0], [0, 0, 0, 0, 1, 0, 0, 0, 0, 0, 0, 0, 0, 0], [0, 0, 0, 0, 1, 0, 0, 0, 0, 0, 0, 0, 0, 0], [0, 0, 0, 0, 0, 1, 0, 0, 0, 0, 0, 0, 0, 0], [0, 0, 0, 0, 0, 0, 1, 1, 0, 0, 0, 0, 0, 0], [0, 0, 0, 0, 0, 0, 0, 1, 1, 0, 0, 0, 0, 0], [0, 0, 0, 0, 0, 0, 1, 0, 1, 0, 0, 0, 0, 0], [0, 0, 0, 0, 1, 0, 0, 0, 0, 1, 0, 0, 0, 0], [0, 0, 0, 0, 0, 0, 0, 0, 0, 0, 1, 0, 0, 0], [0, 0, 0, 0, 0, 0, 0, 0, 0, 0, 1, 1, 0, 0], [0, 0, 0, 0, 0, 0, 0, 0, 0, 0, 0, 0, 1, 0], [0, 0, 0, 0, 0, 0, 0, 0, 0, 0, 0, 0, 0, 0], [0, 0, 0, 0, 0, 0, 0, 0, 0, 0, 0, 0, 0, 0]]	log-artigo10000.xes.gz	[[0.9155769259575489, 1.0, 0.9954773350114663, 0, 1.0, 0.8431817258358236, 0.9904483965273337, 0.7872340425531915, 0, 0, 0, 0], [1.0, 1.0, 1.0, 1, 1.0, 0.8431817258358236, 0.9904483965273337, 0.7872340425531915, 1, 1, 1, 1]]"
"0	2	25	5	0.2	0.2	0.20	0.60	0.50	0.40	0.40	0.20	0.2	2	2023-07-20 15:52:35.325080	2023-07-20 16:20:32.131093	0:27:56.806013	1.0	1.0	0.8431817258358236	0.9904483965273337	0.7872340425531915	TOKEN_BASED-ETCONFORMANCE_TOKEN	['begin', 'A', 'B', 'C', 'D', 'E', 'F', 'G', 'H', 'I', 'J', 'K', 'end']	[[0, 1, 0, 0, 0, 0, 0, 0, 0, 0, 0, 0, 0, 0], [0, 0, 1, 1, 0, 0, 0, 0, 0, 0, 0, 0, 0, 0], [0, 0, 0, 0, 1, 0, 0, 0, 0, 0, 0, 0, 0, 0], [0, 0, 0, 0, 1, 0, 0, 0, 0, 0, 0, 0, 0, 0], [0, 0, 0, 0, 0, 1, 0, 0, 0, 0, 0, 0, 0, 0], [0, 0, 0, 0, 0, 0, 1, 1, 0, 0, 0, 0, 0, 0], [0, 0, 0, 0, 0, 0, 0, 1, 1, 0, 0, 0, 0, 0], [0, 0, 0, 0, 0, 0, 1, 0, 1, 0, 0, 0, 0, 0], [0, 0, 0, 0, 1, 0, 0, 0, 0, 1, 0, 0, 0, 0], [0, 0, 0, 0, 0, 0, 0, 0, 0, 0, 1, 0, 0, 0], [0, 0, 0, 0, 0, 0, 0, 0, 0, 0, 1, 1, 0, 0], [0, 0, 0, 0, 0, 0, 0, 0, 0, 0, 0, 0, 1, 0], [0, 0, 0, 0, 0, 0, 0, 0, 0, 0, 0, 0, 0, 0], [0, 0, 0, 0, 0, 0, 0, 0, 0, 0, 0, 0, 0, 0]]	log-artigo10000.xes.gz	[[0.8642635120402813, 1.0, 0.9844738257493845, 0, 1.0, 0.8431817258358236, 0.9904483965273337, 0.7872340425531915, 0, 0, 0, 0], [0.9640643567318955, 1.0, 0.9915493707646844, 1, 1.0, 0.8431817258358236, 0.9904483965273337, 0.7872340425531915, 1, 1, 1, 1], [0.9545213319238002, 1.0, 0.9925809775976786, 2, 1.0, 0.8431817258358236, 0.9904483965273337, 0.7872340425531915, 2, 2, 2, 2]]"
"0	0	25	3	0.2	0.2	0.40	0.40	0.70	0.40	0.40	0.30	0.2	2	2023-07-20 15:52:33.091891	2023-07-20 16:20:51.960519	0:28:18.868628	1.0	1.0	0.8431817258358236	0.9902422919467515	0.7959183673469388	TOKEN_BASED-ETCONFORMANCE_TOKEN	['begin', 'A', 'B', 'C', 'D', 'E', 'F', 'G', 'H', 'I', 'J', 'K', 'end']	[[0, 1, 0, 0, 0, 0, 0, 0, 0, 0, 0, 0, 0, 0], [0, 0, 1, 1, 0, 0, 0, 0, 0, 0, 0, 0, 0, 0], [0, 0, 0, 0, 1, 0, 0, 0, 0, 0, 0, 0, 0, 0], [0, 0, 0, 0, 1, 0, 0, 0, 0, 0, 0, 0, 0, 0], [0, 0, 0, 0, 0, 1, 0, 0, 0, 0, 0, 0, 0, 0], [0, 0, 0, 0, 0, 0, 1, 1, 0, 0, 0, 0, 0, 0], [0, 0, 0, 0, 0, 0, 0, 1, 1, 0, 0, 0, 0, 0], [0, 0, 0, 0, 0, 0, 1, 0, 1, 0, 0, 0, 0, 0], [0, 0, 0, 0, 1, 0, 0, 0, 0, 1, 0, 0, 0, 0], [0, 0, 0, 0, 0, 0, 0, 0, 0, 0, 1, 0, 0, 0], [0, 0, 0, 0, 0, 0, 0, 0, 0, 0, 1, 1, 0, 0], [0, 0, 0, 0, 0, 0, 0, 0, 0, 0, 0, 0, 1, 0], [0, 0, 0, 1, 0, 0, 0, 0, 0, 0, 0, 0, 0, 0], [0, 0, 0, 0, 0, 0, 0, 0, 0, 0, 0, 0, 0, 0]]	log-artigo10000.xes.gz	[[0.7894977312830854, 1.0, 0.9811879282733743, 0, 1.0, 0.8431817258358236, 0.9904483965273337, 0.7872340425531915, 0, 0, 0, 0], [0.9705118026542414, 1.0, 0.9976552778339369, 1, 1.0, 0.8280113609570482, 0.9471833600529491, 0.7692307692307694, 1, -1, -1, -1], [0.9696589175006965, 1.0, 0.9964044692352704, 2, 1.0, 0.8431817258358236, 0.9902422919467515, 0.7959183673469388, 2, 0, 0, 0]]"
"0	1	25	4	0.2	0.2	0.10	0.50	0.60	0.40	0.20	0.30	0.2	2	2023-07-20 15:52:34.222544	2023-07-20 16:23:49.494159	0:31:15.271615	1.0	1.0	0.8431817258358236	0.9902422919467515	0.7959183673469388	TOKEN_BASED-ETCONFORMANCE_TOKEN	['begin', 'A', 'B', 'C', 'D', 'E', 'F', 'G', 'H', 'I', 'J', 'K', 'end']	[[0, 1, 0, 0, 0, 0, 0, 0, 0, 0, 0, 0, 0, 0], [0, 0, 1, 1, 0, 0, 0, 0, 0, 0, 0, 0, 0, 0], [0, 0, 0, 0, 1, 0, 0, 0, 0, 0, 0, 0, 0, 0], [0, 0, 0, 0, 1, 0, 0, 0, 0, 0, 0, 0, 0, 0], [0, 0, 0, 0, 0, 1, 0, 0, 0, 0, 0, 0, 0, 0], [0, 0, 0, 0, 0, 0, 1, 1, 0, 0, 0, 0, 0, 0], [0, 0, 0, 0, 0, 0, 0, 1, 1, 0, 0, 0, 0, 0], [0, 0, 0, 0, 0, 0, 1, 0, 1, 0, 0, 0, 0, 0], [0, 0, 0, 0, 1, 0, 0, 0, 0, 1, 0, 0, 0, 0], [0, 0, 0, 0, 0, 0, 0, 0, 0, 0, 1, 0, 0, 0], [0, 0, 0, 0, 0, 0, 0, 0, 0, 0, 1, 1, 0, 0], [0, 0, 0, 0, 0, 0, 0, 0, 0, 0, 0, 0, 1, 0], [0, 0, 0, 1, 0, 0, 0, 0, 0, 0, 0, 0, 0, 0], [0, 0, 0, 0, 0, 0, 0, 0, 0, 0, 0, 0, 0, 0]]	log-artigo10000.xes.gz	[[0.8567924964288717, 1.0, 0.98605138693732, 0, 1.0, 0.8431817258358236, 0.9904483965273337, 0.7872340425531915, 0, 0, 0, 0], [1.0, 1.0, 1.0, 1, 1.0, 0.8431817258358236, 0.9904483965273337, 0.7872340425531915, 1, 1, 1, 1], [1.0, 1.0, 1.0, 2, 1.0, 0.8431817258358236, 0.9902422919467515, 0.7959183673469388, 2, 2, -1, 0]]"
"0	3	25	6	0.2	0.2	0.30	0.70	0.40	0.40	0.20	0.30	0.2	2	2023-07-20 15:52:36.397988	2023-07-20 16:24:32.636780	0:31:56.238792	1.0	1.0	0.8431817258358236	0.9904483965273337	0.7872340425531915	TOKEN_BASED-ETCONFORMANCE_TOKEN	['begin', 'A', 'B', 'C', 'D', 'E', 'F', 'G', 'H', 'I', 'J', 'K', 'end']	[[0, 1, 0, 0, 0, 0, 0, 0, 0, 0, 0, 0, 0, 0], [0, 0, 1, 1, 0, 0, 0, 0, 0, 0, 0, 0, 0, 0], [0, 0, 0, 0, 1, 0, 0, 0, 0, 0, 0, 0, 0, 0], [0, 0, 0, 0, 1, 0, 0, 0, 0, 0, 0, 0, 0, 0], [0, 0, 0, 0, 0, 1, 0, 0, 0, 0, 0, 0, 0, 0], [0, 0, 0, 0, 0, 0, 1, 1, 0, 0, 0, 0, 0, 0], [0, 0, 0, 0, 0, 0, 0, 1, 1, 0, 0, 0, 0, 0], [0, 0, 0, 0, 0, 0, 1, 0, 1, 0, 0, 0, 0, 0], [0, 0, 0, 0, 1, 0, 0, 0, 0, 1, 0, 0, 0, 0], [0, 0, 0, 0, 0, 0, 0, 0, 0, 0, 1, 0, 0, 0], [0, 0, 0, 0, 0, 0, 0, 0, 0, 0, 1, 1, 0, 0], [0, 0, 0, 0, 0, 0, 0, 0, 0, 0, 0, 0, 1, 0], [0, 0, 0, 0, 0, 0, 0, 0, 0, 0, 0, 0, 0, 0], [0, 0, 0, 0, 0, 0, 0, 0, 0, 0, 0, 0, 0, 0]]	log-artigo10000.xes.gz	[[0.9155769259575489, 1.0, 0.9954773350114663, 0, 1.0, 0.8431817258358236, 0.9904483965273337, 0.7872340425531915, 0, 0, 0, 0], [1.0, 1.0, 1.0, 1, 1.0, 0.8431817258358236, 0.9904483965273337, 0.7872340425531915, 1, 1, 1, 1], [1.0, 1.0, 1.0, 2, 1.0, 0.8431817258358236, 0.9904483965273337, 0.7872340425531915, 2, 2, 2, 2]]"
"0	0	25	3	0.2	0.2	0.40	0.40	0.70	0.40	0.40	0.30	0.2	3	2023-07-20 15:52:33.091891	2023-07-20 16:29:10.580335	0:36:37.488444	1.0	1.0	0.8431817258358236	0.9902422919467515	0.7959183673469388	TOKEN_BASED-ETCONFORMANCE_TOKEN	['begin', 'A', 'B', 'C', 'D', 'E', 'F', 'G', 'H', 'I', 'J', 'K', 'end']	[[0, 1, 0, 0, 0, 0, 0, 0, 0, 0, 0, 0, 0, 0], [0, 0, 1, 1, 0, 0, 0, 0, 0, 0, 0, 0, 0, 0], [0, 0, 0, 0, 1, 0, 0, 0, 0, 0, 0, 0, 0, 0], [0, 0, 0, 0, 1, 0, 0, 0, 0, 0, 0, 0, 0, 0], [0, 0, 0, 0, 0, 1, 0, 0, 0, 0, 0, 0, 0, 0], [0, 0, 0, 0, 0, 0, 1, 1, 0, 0, 0, 0, 0, 0], [0, 0, 0, 0, 0, 0, 0, 1, 1, 0, 0, 0, 0, 0], [0, 0, 0, 0, 0, 0, 1, 0, 1, 0, 0, 0, 0, 0], [0, 0, 0, 0, 1, 0, 0, 0, 0, 1, 0, 0, 0, 0], [0, 0, 0, 0, 0, 0, 0, 0, 0, 0, 1, 0, 0, 0], [0, 0, 0, 0, 0, 0, 0, 0, 0, 0, 1, 1, 0, 0], [0, 0, 0, 0, 0, 0, 0, 0, 0, 0, 0, 0, 1, 0], [0, 0, 0, 1, 0, 0, 0, 0, 0, 0, 0, 0, 0, 0], [0, 0, 0, 0, 0, 0, 0, 0, 0, 0, 0, 0, 0, 0]]	log-artigo10000.xes.gz	[[0.7894977312830854, 1.0, 0.9811879282733743, 0, 1.0, 0.8431817258358236, 0.9904483965273337, 0.7872340425531915, 0, 0, 0, 0], [0.9705118026542414, 1.0, 0.9976552778339369, 1, 1.0, 0.8280113609570482, 0.9471833600529491, 0.7692307692307694, 1, -1, -1, -1], [0.9696589175006965, 1.0, 0.9964044692352704, 2, 1.0, 0.8431817258358236, 0.9902422919467515, 0.7959183673469388, 2, 0, 0, 0], [0.9687041001910814, 1.0, 0.9930191142487014, 3, 1.0, 0.8431817258358236, 0.9902422919467515, 0.7959183673469388, 3, 1, 1, 1]]"
"0	2	25	5	0.2	0.2	0.20	0.60	0.50	0.40	0.40	0.20	0.2	3	2023-07-20 15:52:35.325080	2023-07-20 16:29:35.253843	0:36:59.928763	1.0	1.0	0.8431817258358236	0.9904483965273337	0.7872340425531915	TOKEN_BASED-ETCONFORMANCE_TOKEN	['begin', 'A', 'B', 'C', 'D', 'E', 'F', 'G', 'H', 'I', 'J', 'K', 'end']	[[0, 1, 0, 0, 0, 0, 0, 0, 0, 0, 0, 0, 0, 0], [0, 0, 1, 1, 0, 0, 0, 0, 0, 0, 0, 0, 0, 0], [0, 0, 0, 0, 1, 0, 0, 0, 0, 0, 0, 0, 0, 0], [0, 0, 0, 0, 1, 0, 0, 0, 0, 0, 0, 0, 0, 0], [0, 0, 0, 0, 0, 1, 0, 0, 0, 0, 0, 0, 0, 0], [0, 0, 0, 0, 0, 0, 1, 1, 0, 0, 0, 0, 0, 0], [0, 0, 0, 0, 0, 0, 0, 1, 1, 0, 0, 0, 0, 0], [0, 0, 0, 0, 0, 0, 1, 0, 1, 0, 0, 0, 0, 0], [0, 0, 0, 0, 1, 0, 0, 0, 0, 1, 0, 0, 0, 0], [0, 0, 0, 0, 0, 0, 0, 0, 0, 0, 1, 0, 0, 0], [0, 0, 0, 0, 0, 0, 0, 0, 0, 0, 1, 1, 0, 0], [0, 0, 0, 0, 0, 0, 0, 0, 0, 0, 0, 0, 1, 0], [0, 0, 0, 0, 0, 0, 0, 0, 0, 0, 0, 0, 0, 0], [0, 0, 0, 0, 0, 0, 0, 0, 0, 0, 0, 0, 0, 0]]	log-artigo10000.xes.gz	[[0.8642635120402813, 1.0, 0.9844738257493845, 0, 1.0, 0.8431817258358236, 0.9904483965273337, 0.7872340425531915, 0, 0, 0, 0], [0.9640643567318955, 1.0, 0.9915493707646844, 1, 1.0, 0.8431817258358236, 0.9904483965273337, 0.7872340425531915, 1, 1, 1, 1], [0.9545213319238002, 1.0, 0.9925809775976786, 2, 1.0, 0.8431817258358236, 0.9904483965273337, 0.7872340425531915, 2, 2, 2, 2], [0.9705118026542414, 1.0, 0.9954264160670832, 3, 1.0, 0.8431817258358236, 0.9904483965273337, 0.7872340425531915, 3, 3, 3, 3]]"
"0	1	25	4	0.2	0.2	0.10	0.50	0.60	0.40	0.20	0.30	0.2	3	2023-07-20 15:52:34.222544	2023-07-20 16:34:05.248164	0:41:31.025620	1.0	1.0	0.8431817258358236	0.9902422919467515	0.7959183673469388	TOKEN_BASED-ETCONFORMANCE_TOKEN	['begin', 'A', 'B', 'C', 'D', 'E', 'F', 'G', 'H', 'I', 'J', 'K', 'end']	[[0, 1, 0, 0, 0, 0, 0, 0, 0, 0, 0, 0, 0, 0], [0, 0, 1, 1, 0, 0, 0, 0, 0, 0, 0, 0, 0, 0], [0, 0, 0, 0, 1, 0, 0, 0, 0, 0, 0, 0, 0, 0], [0, 0, 0, 0, 1, 0, 0, 0, 0, 0, 0, 0, 0, 0], [0, 0, 0, 0, 0, 1, 0, 0, 0, 0, 0, 0, 0, 0], [0, 0, 0, 0, 0, 0, 1, 1, 0, 0, 0, 0, 0, 0], [0, 0, 0, 0, 0, 0, 0, 1, 1, 0, 0, 0, 0, 0], [0, 0, 0, 0, 0, 0, 1, 0, 1, 0, 0, 0, 0, 0], [0, 0, 0, 0, 1, 0, 0, 0, 0, 1, 0, 0, 0, 0], [0, 0, 0, 0, 0, 0, 0, 0, 0, 0, 1, 0, 0, 0], [0, 0, 0, 0, 0, 0, 0, 0, 0, 0, 1, 1, 0, 0], [0, 0, 0, 0, 0, 0, 0, 0, 0, 0, 0, 0, 1, 0], [0, 0, 0, 1, 0, 0, 0, 0, 0, 0, 0, 0, 0, 0], [0, 0, 0, 0, 0, 0, 0, 0, 0, 0, 0, 0, 0, 0]]	log-artigo10000.xes.gz	[[0.8567924964288717, 1.0, 0.98605138693732, 0, 1.0, 0.8431817258358236, 0.9904483965273337, 0.7872340425531915, 0, 0, 0, 0], [1.0, 1.0, 1.0, 1, 1.0, 0.8431817258358236, 0.9904483965273337, 0.7872340425531915, 1, 1, 1, 1], [1.0, 1.0, 1.0, 2, 1.0, 0.8431817258358236, 0.9902422919467515, 0.7959183673469388, 2, 2, -1, 0], [0.9714570702131821, 1.0, 0.9988582828085274, 3, 1.0, 0.8431817258358236, 0.9902422919467515, 0.7959183673469388, 3, 3, 0, 1]]"
"0	3	25	6	0.2	0.2	0.30	0.70	0.40	0.40	0.20	0.30	0.2	3	2023-07-20 15:52:36.397988	2023-07-20 16:35:31.052978	0:42:54.654990	1.0	1.0	0.8431817258358236	0.9904483965273337	0.7872340425531915	TOKEN_BASED-ETCONFORMANCE_TOKEN	['begin', 'A', 'B', 'C', 'D', 'E', 'F', 'G', 'H', 'I', 'J', 'K', 'end']	[[0, 1, 0, 0, 0, 0, 0, 0, 0, 0, 0, 0, 0, 0], [0, 0, 1, 1, 0, 0, 0, 0, 0, 0, 0, 0, 0, 0], [0, 0, 0, 0, 1, 0, 0, 0, 0, 0, 0, 0, 0, 0], [0, 0, 0, 0, 1, 0, 0, 0, 0, 0, 0, 0, 0, 0], [0, 0, 0, 0, 0, 1, 0, 0, 0, 0, 0, 0, 0, 0], [0, 0, 0, 0, 0, 0, 1, 1, 0, 0, 0, 0, 0, 0], [0, 0, 0, 0, 0, 0, 0, 1, 1, 0, 0, 0, 0, 0], [0, 0, 0, 0, 0, 0, 1, 0, 1, 0, 0, 0, 0, 0], [0, 0, 0, 0, 1, 0, 0, 0, 0, 1, 0, 0, 0, 0], [0, 0, 0, 0, 0, 0, 0, 0, 0, 0, 1, 0, 0, 0], [0, 0, 0, 0, 0, 0, 0, 0, 0, 0, 1, 1, 0, 0], [0, 0, 0, 0, 0, 0, 0, 0, 0, 0, 0, 0, 1, 0], [0, 0, 0, 0, 0, 0, 0, 0, 0, 0, 0, 0, 0, 0], [0, 0, 0, 0, 0, 0, 0, 0, 0, 0, 0, 0, 0, 0]]	log-artigo10000.xes.gz	[[0.9155769259575489, 1.0, 0.9954773350114663, 0, 1.0, 0.8431817258358236, 0.9904483965273337, 0.7872340425531915, 0, 0, 0, 0], [1.0, 1.0, 1.0, 1, 1.0, 0.8431817258358236, 0.9904483965273337, 0.7872340425531915, 1, 1, 1, 1], [1.0, 1.0, 1.0, 2, 1.0, 0.8431817258358236, 0.9904483965273337, 0.7872340425531915, 2, 2, 2, 2], [1.0, 1.0, 1.0, 3, 1.0, 0.8431817258358236, 0.9904483965273337, 0.7872340425531915, 3, 3, 3, 3]]"
"0	0	25	3	0.2	0.2	0.40	0.40	0.70	0.40	0.40	0.30	0.2	4	2023-07-20 15:52:33.091891	2023-07-20 16:38:29.590164	0:45:56.498273	1.0	1.0	0.8431817258358236	0.9904483965273337	0.7872340425531915	TOKEN_BASED-ETCONFORMANCE_TOKEN	['begin', 'A', 'B', 'C', 'D', 'E', 'F', 'G', 'H', 'I', 'J', 'K', 'end']	[[0, 1, 0, 0, 0, 0, 0, 0, 0, 0, 0, 0, 0, 0], [0, 0, 1, 1, 0, 0, 0, 0, 0, 0, 0, 0, 0, 0], [0, 0, 0, 0, 1, 0, 0, 0, 0, 0, 0, 0, 0, 0], [0, 0, 0, 0, 1, 0, 0, 0, 0, 0, 0, 0, 0, 0], [0, 0, 0, 0, 0, 1, 0, 0, 0, 0, 0, 0, 0, 0], [0, 0, 0, 0, 0, 0, 1, 1, 0, 0, 0, 0, 0, 0], [0, 0, 0, 0, 0, 0, 0, 1, 1, 0, 0, 0, 0, 0], [0, 0, 0, 0, 0, 0, 1, 0, 1, 0, 0, 0, 0, 0], [0, 0, 0, 0, 1, 0, 0, 0, 0, 1, 0, 0, 0, 0], [0, 0, 0, 0, 0, 0, 0, 0, 0, 0, 1, 0, 0, 0], [0, 0, 0, 0, 0, 0, 0, 0, 0, 0, 1, 1, 0, 0], [0, 0, 0, 0, 0, 0, 0, 0, 0, 0, 0, 0, 1, 0], [0, 0, 0, 0, 0, 0, 0, 0, 0, 0, 0, 0, 0, 0], [0, 0, 0, 0, 0, 0, 0, 0, 0, 0, 0, 0, 0, 0]]	log-artigo10000.xes.gz	[[0.7894977312830854, 1.0, 0.9811879282733743, 0, 1.0, 0.8431817258358236, 0.9904483965273337, 0.7872340425531915, 0, 0, 0, 0], [0.9705118026542414, 1.0, 0.9976552778339369, 1, 1.0, 0.8280113609570482, 0.9471833600529491, 0.7692307692307694, 1, -1, -1, -1], [0.9696589175006965, 1.0, 0.9964044692352704, 2, 1.0, 0.8431817258358236, 0.9902422919467515, 0.7959183673469388, 2, 0, 0, 0], [0.9687041001910814, 1.0, 0.9930191142487014, 3, 1.0, 0.8431817258358236, 0.9902422919467515, 0.7959183673469388, 3, 1, 1, 1], [0.97113939470645, 1.0, 0.9977677818011972, 4, 1.0, 0.8431817258358236, 0.9904483965273337, 0.7872340425531915, 4, 2, 0, -1]]"
"0	2	25	5	0.2	0.2	0.20	0.60	0.50	0.40	0.40	0.20	0.2	4	2023-07-20 15:52:35.325080	2023-07-20 16:39:51.715177	0:47:16.390097	1.0	1.0	0.8431817258358236	0.9454280148670003	0.7599999999999999	TOKEN_BASED-ETCONFORMANCE_TOKEN	['begin', 'A', 'B', 'C', 'D', 'E', 'F', 'G', 'H', 'I', 'J', 'K', 'end']	[[1, 1, 0, 0, 0, 0, 0, 0, 0, 0, 0, 0, 1, 0], [0, 0, 1, 1, 0, 0, 0, 0, 0, 0, 0, 0, 0, 0], [0, 0, 0, 0, 1, 0, 0, 0, 0, 0, 0, 0, 0, 0], [0, 0, 0, 0, 1, 0, 0, 0, 0, 0, 0, 0, 0, 0], [0, 0, 0, 0, 0, 1, 0, 0, 0, 0, 0, 0, 0, 0], [0, 0, 0, 0, 0, 0, 1, 1, 0, 0, 0, 0, 0, 0], [0, 0, 0, 0, 0, 0, 0, 1, 1, 0, 0, 0, 0, 0], [0, 0, 0, 0, 0, 0, 1, 0, 1, 0, 0, 0, 0, 0], [0, 0, 0, 0, 1, 0, 0, 0, 0, 1, 0, 0, 0, 0], [0, 0, 0, 0, 0, 0, 0, 0, 0, 0, 1, 0, 0, 0], [0, 0, 0, 0, 0, 0, 0, 0, 0, 0, 1, 1, 0, 0], [0, 0, 0, 0, 0, 0, 0, 0, 0, 0, 0, 0, 1, 0], [0, 0, 0, 0, 0, 0, 1, 0, 0, 0, 0, 0, 0, 0], [0, 0, 0, 0, 0, 0, 0, 0, 0, 0, 0, 0, 0, 0]]	log-artigo10000.xes.gz	[[0.8642635120402813, 1.0, 0.9844738257493845, 0, 1.0, 0.8431817258358236, 0.9904483965273337, 0.7872340425531915, 0, 0, 0, 0], [0.9640643567318955, 1.0, 0.9915493707646844, 1, 1.0, 0.8431817258358236, 0.9904483965273337, 0.7872340425531915, 1, 1, 1, 1], [0.9545213319238002, 1.0, 0.9925809775976786, 2, 1.0, 0.8431817258358236, 0.9904483965273337, 0.7872340425531915, 2, 2, 2, 2], [0.9705118026542414, 1.0, 0.9954264160670832, 3, 1.0, 0.8431817258358236, 0.9904483965273337, 0.7872340425531915, 3, 3, 3, 3], [0.9705523898690859, 1.0, 0.9988220955947633, 4, 1.0, 0.8431817258358236, 0.9454280148670003, 0.7599999999999999, 4, 4, -1, -1]]"
"0	1	25	4	0.2	0.2	0.10	0.50	0.60	0.40	0.20	0.30	0.2	4	2023-07-20 15:52:34.222544	2023-07-20 16:43:44.639826	0:51:10.417282	1.0	1.0	0.8431817258358236	0.9904483965273337	0.7872340425531915	TOKEN_BASED-ETCONFORMANCE_TOKEN	['begin', 'A', 'B', 'C', 'D', 'E', 'F', 'G', 'H', 'I', 'J', 'K', 'end']	[[0, 1, 0, 0, 0, 0, 0, 0, 0, 0, 0, 0, 0, 0], [0, 0, 1, 1, 0, 0, 0, 0, 0, 0, 0, 0, 0, 0], [0, 0, 0, 0, 1, 0, 0, 0, 0, 0, 0, 0, 0, 0], [0, 0, 0, 0, 1, 0, 0, 0, 0, 0, 0, 0, 0, 0], [0, 0, 0, 0, 0, 1, 0, 0, 0, 0, 0, 0, 0, 0], [0, 0, 0, 0, 0, 0, 1, 1, 0, 0, 0, 0, 0, 0], [0, 0, 0, 0, 0, 0, 0, 1, 1, 0, 0, 0, 0, 0], [0, 0, 0, 0, 0, 0, 1, 0, 1, 0, 0, 0, 0, 0], [0, 0, 0, 0, 1, 0, 0, 0, 0, 1, 0, 0, 0, 0], [0, 0, 0, 0, 0, 0, 0, 0, 0, 0, 1, 0, 0, 0], [0, 0, 0, 0, 0, 0, 0, 0, 0, 0, 1, 1, 0, 0], [0, 0, 0, 0, 0, 0, 0, 0, 0, 0, 0, 0, 1, 0], [0, 0, 0, 0, 0, 0, 0, 0, 0, 0, 0, 0, 0, 0], [0, 0, 0, 0, 0, 0, 0, 0, 0, 0, 0, 0, 0, 0]]	log-artigo10000.xes.gz	[[0.8567924964288717, 1.0, 0.98605138693732, 0, 1.0, 0.8431817258358236, 0.9904483965273337, 0.7872340425531915, 0, 0, 0, 0], [1.0, 1.0, 1.0, 1, 1.0, 0.8431817258358236, 0.9904483965273337, 0.7872340425531915, 1, 1, 1, 1], [1.0, 1.0, 1.0, 2, 1.0, 0.8431817258358236, 0.9902422919467515, 0.7959183673469388, 2, 2, -1, 0], [0.9714570702131821, 1.0, 0.9988582828085274, 3, 1.0, 0.8431817258358236, 0.9902422919467515, 0.7959183673469388, 3, 3, 0, 1], [0.9693140338777775, 1.0, 0.9964486845135875, 4, 1.0, 0.8431817258358236, 0.9904483965273337, 0.7872340425531915, 4, 4, 0, -1]]"
"0	3	25	6	0.2	0.2	0.30	0.70	0.40	0.40	0.20	0.30	0.2	4	2023-07-20 15:52:36.397988	2023-07-20 16:45:53.488783	0:53:17.090795	1.0	1.0	0.8431817258358236	0.9904483965273337	0.7872340425531915	TOKEN_BASED-ETCONFORMANCE_TOKEN	['begin', 'A', 'B', 'C', 'D', 'E', 'F', 'G', 'H', 'I', 'J', 'K', 'end']	[[0, 1, 0, 0, 0, 0, 0, 0, 0, 0, 0, 0, 0, 0], [0, 0, 1, 1, 0, 0, 0, 0, 0, 0, 0, 0, 0, 0], [0, 0, 0, 0, 1, 0, 0, 0, 0, 0, 0, 0, 0, 0], [0, 0, 0, 0, 1, 0, 0, 0, 0, 0, 0, 0, 0, 0], [0, 0, 0, 0, 0, 1, 0, 0, 0, 0, 0, 0, 0, 0], [0, 0, 0, 0, 0, 0, 1, 1, 0, 0, 0, 0, 0, 0], [0, 0, 0, 0, 0, 0, 0, 1, 1, 0, 0, 0, 0, 0], [0, 0, 0, 0, 0, 0, 1, 0, 1, 0, 0, 0, 0, 0], [0, 0, 0, 0, 1, 0, 0, 0, 0, 1, 0, 0, 0, 0], [0, 0, 0, 0, 0, 0, 0, 0, 0, 0, 1, 0, 0, 0], [0, 0, 0, 0, 0, 0, 0, 0, 0, 0, 1, 1, 0, 0], [0, 0, 0, 0, 0, 0, 0, 0, 0, 0, 0, 0, 1, 0], [0, 0, 0, 0, 0, 0, 0, 0, 0, 0, 0, 0, 0, 0], [0, 0, 0, 0, 0, 0, 0, 0, 0, 0, 0, 0, 0, 0]]	log-artigo10000.xes.gz	[[0.9155769259575489, 1.0, 0.9954773350114663, 0, 1.0, 0.8431817258358236, 0.9904483965273337, 0.7872340425531915, 0, 0, 0, 0], [1.0, 1.0, 1.0, 1, 1.0, 0.8431817258358236, 0.9904483965273337, 0.7872340425531915, 1, 1, 1, 1], [1.0, 1.0, 1.0, 2, 1.0, 0.8431817258358236, 0.9904483965273337, 0.7872340425531915, 2, 2, 2, 2], [1.0, 1.0, 1.0, 3, 1.0, 0.8431817258358236, 0.9904483965273337, 0.7872340425531915, 3, 3, 3, 3], [1.0, 1.0, 1.0, 4, 1.0, 0.8431817258358236, 0.9904483965273337, 0.7872340425531915, 4, 4, 4, 4]]"
"0	0	25	3	0.2	0.2	0.40	0.40	0.70	0.40	0.40	0.30	0.2	5	2023-07-20 15:52:33.091891	2023-07-20 16:45:54.596192	0:53:21.504301	1.0	1.0	0.8431817258358236	0.9904483965273337	0.7872340425531915	TOKEN_BASED-ETCONFORMANCE_TOKEN	['begin', 'A', 'B', 'C', 'D', 'E', 'F', 'G', 'H', 'I', 'J', 'K', 'end']	[[0, 1, 0, 0, 0, 0, 0, 0, 0, 0, 0, 0, 0, 0], [0, 0, 1, 1, 0, 0, 0, 0, 0, 0, 0, 0, 0, 0], [0, 0, 0, 0, 1, 0, 0, 0, 0, 0, 0, 0, 0, 0], [0, 0, 0, 0, 1, 0, 0, 0, 0, 0, 0, 0, 0, 0], [0, 0, 0, 0, 0, 1, 0, 0, 0, 0, 0, 0, 0, 0], [0, 0, 0, 0, 0, 0, 1, 1, 0, 0, 0, 0, 0, 0], [0, 0, 0, 0, 0, 0, 0, 1, 1, 0, 0, 0, 0, 0], [0, 0, 0, 0, 0, 0, 1, 0, 1, 0, 0, 0, 0, 0], [0, 0, 0, 0, 1, 0, 0, 0, 0, 1, 0, 0, 0, 0], [0, 0, 0, 0, 0, 0, 0, 0, 0, 0, 1, 0, 0, 0], [0, 0, 0, 0, 0, 0, 0, 0, 0, 0, 1, 1, 0, 0], [0, 0, 0, 0, 0, 0, 0, 0, 0, 0, 0, 0, 1, 0], [0, 0, 0, 0, 0, 0, 0, 0, 0, 0, 0, 0, 0, 0], [0, 0, 0, 0, 0, 0, 0, 0, 0, 0, 0, 0, 0, 0]]	log-artigo10000.xes.gz	[[0.7894977312830854, 1.0, 0.9811879282733743, 0, 1.0, 0.8431817258358236, 0.9904483965273337, 0.7872340425531915, 0, 0, 0, 0], [0.9705118026542414, 1.0, 0.9976552778339369, 1, 1.0, 0.8280113609570482, 0.9471833600529491, 0.7692307692307694, 1, -1, -1, -1], [0.9696589175006965, 1.0, 0.9964044692352704, 2, 1.0, 0.8431817258358236, 0.9902422919467515, 0.7959183673469388, 2, 0, 0, 0], [0.9687041001910814, 1.0, 0.9930191142487014, 3, 1.0, 0.8431817258358236, 0.9902422919467515, 0.7959183673469388, 3, 1, 1, 1], [0.97113939470645, 1.0, 0.9977677818011972, 4, 1.0, 0.8431817258358236, 0.9904483965273337, 0.7872340425531915, 4, 2, 0, -1], [0.953526913348865, 1.0, 0.9835942955014783, 5, 1.0, 0.8431817258358236, 0.9904483965273337, 0.7872340425531915, 5, 3, 1, 0]]"
"0	2	25	5	0.2	0.2	0.20	0.60	0.50	0.40	0.40	0.20	0.2	5	2023-07-20 15:52:35.325080	2023-07-20 16:49:41.262741	0:57:05.937661	1.0	1.0	0.7848758045882158	0.9471882792534144	0.7692307692307694	TOKEN_BASED-ETCONFORMANCE_TOKEN	['begin', 'A', 'B', 'C', 'D', 'E', 'F', 'G', 'H', 'I', 'J', 'K', 'end']	[[0, 1, 0, 0, 0, 0, 0, 0, 0, 0, 0, 0, 0, 0], [0, 0, 1, 1, 0, 0, 0, 0, 0, 0, 0, 0, 0, 0], [0, 0, 0, 0, 1, 0, 0, 0, 0, 0, 0, 0, 0, 0], [1, 0, 0, 0, 1, 0, 0, 0, 0, 0, 0, 0, 0, 0], [0, 0, 0, 0, 0, 1, 0, 0, 0, 0, 0, 0, 0, 0], [0, 0, 0, 0, 0, 0, 1, 1, 0, 0, 1, 0, 0, 0], [0, 0, 0, 0, 0, 0, 0, 1, 1, 0, 0, 0, 0, 0], [0, 0, 0, 0, 0, 0, 1, 0, 1, 0, 0, 0, 0, 0], [0, 0, 0, 0, 1, 0, 0, 0, 0, 1, 0, 0, 0, 0], [0, 0, 0, 0, 0, 0, 0, 0, 0, 0, 1, 0, 0, 0], [0, 0, 0, 0, 0, 0, 0, 0, 0, 0, 1, 1, 0, 0], [0, 0, 0, 0, 0, 0, 0, 0, 0, 0, 0, 0, 1, 0], [0, 0, 0, 0, 0, 0, 0, 0, 0, 0, 0, 0, 0, 0], [0, 0, 0, 0, 0, 0, 0, 0, 0, 0, 0, 0, 0, 0]]	log-artigo10000.xes.gz	[[0.8642635120402813, 1.0, 0.9844738257493845, 0, 1.0, 0.8431817258358236, 0.9904483965273337, 0.7872340425531915, 0, 0, 0, 0], [0.9640643567318955, 1.0, 0.9915493707646844, 1, 1.0, 0.8431817258358236, 0.9904483965273337, 0.7872340425531915, 1, 1, 1, 1], [0.9545213319238002, 1.0, 0.9925809775976786, 2, 1.0, 0.8431817258358236, 0.9904483965273337, 0.7872340425531915, 2, 2, 2, 2], [0.9705118026542414, 1.0, 0.9954264160670832, 3, 1.0, 0.8431817258358236, 0.9904483965273337, 0.7872340425531915, 3, 3, 3, 3], [0.9705523898690859, 1.0, 0.9988220955947633, 4, 1.0, 0.8431817258358236, 0.9454280148670003, 0.7599999999999999, 4, 4, -1, -1], [0.9684488553020034, 1.0, 0.9987379542120801, 5, 1.0, 0.7848758045882158, 0.9471882792534144, 0.7692307692307694, 5, -1, 0, 0]]"
"0	1	25	4	0.2	0.2	0.10	0.50	0.60	0.40	0.20	0.30	0.2	5	2023-07-20 15:52:34.222544	2023-07-20 16:54:28.965422	1:01:54.742878	1.0	1.0	0.7848758045882158	0.9471882792534144	0.7692307692307694	TOKEN_BASED-ETCONFORMANCE_TOKEN	['begin', 'A', 'B', 'C', 'D', 'E', 'F', 'G', 'H', 'I', 'J', 'K', 'end']	[[0, 1, 0, 0, 0, 0, 0, 0, 0, 0, 0, 0, 0, 0], [0, 0, 1, 1, 0, 0, 0, 0, 0, 0, 0, 0, 0, 0], [0, 0, 0, 0, 1, 0, 0, 0, 0, 0, 0, 0, 0, 0], [0, 0, 0, 0, 1, 0, 0, 0, 0, 0, 0, 0, 0, 0], [0, 0, 0, 0, 0, 1, 0, 0, 0, 0, 0, 0, 0, 0], [0, 0, 0, 1, 0, 0, 1, 1, 0, 0, 0, 0, 0, 0], [0, 0, 0, 0, 0, 0, 0, 1, 1, 0, 0, 0, 0, 0], [0, 0, 0, 0, 0, 0, 1, 0, 1, 0, 0, 0, 0, 0], [0, 0, 0, 0, 1, 0, 0, 0, 0, 1, 0, 0, 0, 0], [0, 0, 0, 0, 0, 0, 0, 0, 0, 0, 1, 0, 0, 0], [0, 0, 0, 0, 0, 0, 0, 0, 0, 0, 1, 1, 0, 0], [0, 0, 0, 0, 0, 0, 0, 0, 0, 0, 0, 0, 1, 0], [0, 0, 0, 0, 0, 0, 0, 0, 0, 0, 0, 0, 0, 0], [0, 0, 0, 0, 0, 0, 0, 0, 0, 0, 0, 0, 0, 0]]	log-artigo10000.xes.gz	[[0.8567924964288717, 1.0, 0.98605138693732, 0, 1.0, 0.8431817258358236, 0.9904483965273337, 0.7872340425531915, 0, 0, 0, 0], [1.0, 1.0, 1.0, 1, 1.0, 0.8431817258358236, 0.9904483965273337, 0.7872340425531915, 1, 1, 1, 1], [1.0, 1.0, 1.0, 2, 1.0, 0.8431817258358236, 0.9902422919467515, 0.7959183673469388, 2, 2, -1, 0], [0.9714570702131821, 1.0, 0.9988582828085274, 3, 1.0, 0.8431817258358236, 0.9902422919467515, 0.7959183673469388, 3, 3, 0, 1], [0.9693140338777775, 1.0, 0.9964486845135875, 4, 1.0, 0.8431817258358236, 0.9904483965273337, 0.7872340425531915, 4, 4, 0, -1], [0.9713564493291079, 1.0, 0.9988542579731643, 5, 1.0, 0.7848758045882158, 0.9471882792534144, 0.7692307692307694, 5, -1, -1, -1]]"
"0	0	25	3	0.2	0.2	0.40	0.40	0.70	0.40	0.40	0.30	0.2	6	2023-07-20 15:52:33.091891	2023-07-20 16:54:53.892435	1:02:20.800544	1.0	1.0	0.8431817258358236	0.9902422919467515	0.7959183673469388	TOKEN_BASED-ETCONFORMANCE_TOKEN	['begin', 'A', 'B', 'C', 'D', 'E', 'F', 'G', 'H', 'I', 'J', 'K', 'end']	[[0, 1, 0, 0, 0, 0, 0, 0, 0, 0, 0, 0, 0, 0], [0, 0, 1, 1, 0, 0, 0, 0, 0, 0, 0, 0, 0, 0], [0, 0, 0, 0, 1, 0, 0, 0, 0, 0, 0, 0, 0, 0], [0, 0, 0, 0, 1, 0, 0, 0, 0, 0, 0, 0, 0, 0], [0, 0, 0, 0, 0, 1, 0, 0, 0, 0, 0, 0, 0, 0], [0, 0, 0, 0, 0, 0, 1, 1, 0, 0, 0, 0, 0, 0], [0, 0, 0, 0, 0, 0, 0, 1, 1, 0, 0, 0, 0, 0], [0, 0, 0, 0, 0, 0, 1, 0, 1, 0, 0, 0, 0, 0], [0, 0, 0, 0, 1, 0, 0, 0, 0, 1, 0, 0, 0, 0], [0, 0, 0, 0, 0, 0, 0, 0, 0, 0, 1, 0, 0, 0], [0, 0, 0, 0, 0, 0, 0, 0, 0, 0, 1, 1, 0, 0], [0, 0, 0, 0, 0, 0, 0, 0, 0, 0, 0, 0, 1, 0], [0, 0, 0, 1, 0, 0, 0, 0, 0, 0, 0, 0, 0, 0], [0, 0, 0, 0, 0, 0, 0, 0, 0, 0, 0, 0, 0, 0]]	log-artigo10000.xes.gz	[[0.7894977312830854, 1.0, 0.9811879282733743, 0, 1.0, 0.8431817258358236, 0.9904483965273337, 0.7872340425531915, 0, 0, 0, 0], [0.9705118026542414, 1.0, 0.9976552778339369, 1, 1.0, 0.8280113609570482, 0.9471833600529491, 0.7692307692307694, 1, -1, -1, -1], [0.9696589175006965, 1.0, 0.9964044692352704, 2, 1.0, 0.8431817258358236, 0.9902422919467515, 0.7959183673469388, 2, 0, 0, 0], [0.9687041001910814, 1.0, 0.9930191142487014, 3, 1.0, 0.8431817258358236, 0.9902422919467515, 0.7959183673469388, 3, 1, 1, 1], [0.97113939470645, 1.0, 0.9977677818011972, 4, 1.0, 0.8431817258358236, 0.9904483965273337, 0.7872340425531915, 4, 2, 0, -1], [0.953526913348865, 1.0, 0.9835942955014783, 5, 1.0, 0.8431817258358236, 0.9904483965273337, 0.7872340425531915, 5, 3, 1, 0], [0.9316613087258513, 1.0, 0.992673232433415, 6, 1.0, 0.8431817258358236, 0.9902422919467515, 0.7959183673469388, 6, 4, -1, 0]]"
"0	3	25	6	0.2	0.2	0.30	0.70	0.40	0.40	0.20	0.30	0.2	5	2023-07-20 15:52:36.397988	2023-07-20 16:54:54.244655	1:02:17.846667	1.0	1.0	0.8131454362160294	0.9454280148670003	0.7599999999999999	TOKEN_BASED-ETCONFORMANCE_TOKEN	['begin', 'A', 'B', 'C', 'D', 'E', 'F', 'G', 'H', 'I', 'J', 'K', 'end']	[[0, 1, 0, 0, 0, 1, 0, 0, 0, 0, 0, 0, 0, 0], [0, 0, 1, 1, 0, 0, 0, 0, 0, 0, 0, 0, 0, 0], [0, 0, 0, 0, 1, 0, 0, 0, 0, 0, 0, 0, 0, 0], [0, 0, 0, 0, 1, 0, 0, 0, 0, 0, 0, 0, 0, 0], [0, 0, 0, 0, 0, 1, 0, 0, 0, 0, 0, 0, 0, 0], [0, 0, 0, 0, 0, 0, 1, 1, 0, 0, 0, 0, 0, 0], [0, 0, 0, 0, 0, 0, 0, 1, 1, 0, 0, 0, 0, 0], [0, 0, 0, 0, 0, 0, 1, 0, 1, 0, 0, 0, 0, 0], [0, 0, 0, 0, 1, 0, 0, 0, 0, 1, 0, 0, 0, 0], [0, 0, 0, 0, 0, 0, 0, 0, 0, 0, 1, 0, 0, 0], [0, 0, 0, 0, 0, 0, 0, 0, 0, 0, 1, 1, 0, 0], [0, 0, 0, 0, 0, 0, 0, 0, 0, 0, 0, 0, 1, 0], [0, 0, 0, 0, 0, 0, 0, 0, 0, 0, 0, 0, 0, 0], [0, 0, 0, 0, 0, 0, 0, 0, 0, 0, 0, 0, 0, 0]]	log-artigo10000.xes.gz	[[0.9155769259575489, 1.0, 0.9954773350114663, 0, 1.0, 0.8431817258358236, 0.9904483965273337, 0.7872340425531915, 0, 0, 0, 0], [1.0, 1.0, 1.0, 1, 1.0, 0.8431817258358236, 0.9904483965273337, 0.7872340425531915, 1, 1, 1, 1], [1.0, 1.0, 1.0, 2, 1.0, 0.8431817258358236, 0.9904483965273337, 0.7872340425531915, 2, 2, 2, 2], [1.0, 1.0, 1.0, 3, 1.0, 0.8431817258358236, 0.9904483965273337, 0.7872340425531915, 3, 3, 3, 3], [1.0, 1.0, 1.0, 4, 1.0, 0.8431817258358236, 0.9904483965273337, 0.7872340425531915, 4, 4, 4, 4], [0.9592232504262491, 1.0, 0.9932489704254911, 5, 1.0, 0.8131454362160294, 0.9454280148670003, 0.7599999999999999, 5, -1, -1, -1]]"
"0	2	25	5	0.2	0.2	0.20	0.60	0.50	0.40	0.40	0.20	0.2	6	2023-07-20 15:52:35.325080	2023-07-20 16:59:32.111975	1:06:56.786895	1.0	1.0	0.8431817258358236	0.9902422919467515	0.7959183673469388	TOKEN_BASED-ETCONFORMANCE_TOKEN	['begin', 'A', 'B', 'C', 'D', 'E', 'F', 'G', 'H', 'I', 'J', 'K', 'end']	[[0, 1, 0, 0, 0, 0, 0, 0, 0, 0, 0, 0, 0, 0], [0, 0, 1, 1, 0, 0, 0, 0, 0, 0, 0, 0, 0, 0], [0, 0, 0, 0, 1, 0, 0, 0, 0, 0, 0, 0, 0, 0], [1, 0, 0, 0, 1, 0, 0, 0, 0, 0, 0, 0, 0, 0], [0, 0, 0, 0, 0, 1, 0, 0, 0, 0, 0, 0, 0, 0], [0, 0, 0, 0, 0, 0, 1, 1, 0, 0, 0, 0, 0, 0], [0, 0, 0, 0, 0, 0, 0, 1, 1, 0, 0, 0, 0, 0], [0, 0, 0, 0, 0, 0, 1, 0, 1, 0, 0, 0, 0, 0], [0, 0, 0, 0, 1, 0, 0, 0, 0, 1, 0, 0, 0, 0], [0, 0, 0, 0, 0, 0, 0, 0, 0, 0, 1, 0, 0, 0], [0, 0, 0, 0, 0, 0, 0, 0, 0, 0, 1, 1, 0, 0], [0, 0, 0, 0, 0, 0, 0, 0, 0, 0, 0, 0, 1, 0], [0, 0, 0, 0, 1, 0, 0, 0, 0, 0, 0, 0, 0, 0], [0, 0, 0, 0, 0, 0, 0, 0, 0, 0, 0, 0, 0, 0]]	log-artigo10000.xes.gz	[[0.8642635120402813, 1.0, 0.9844738257493845, 0, 1.0, 0.8431817258358236, 0.9904483965273337, 0.7872340425531915, 0, 0, 0, 0], [0.9640643567318955, 1.0, 0.9915493707646844, 1, 1.0, 0.8431817258358236, 0.9904483965273337, 0.7872340425531915, 1, 1, 1, 1], [0.9545213319238002, 1.0, 0.9925809775976786, 2, 1.0, 0.8431817258358236, 0.9904483965273337, 0.7872340425531915, 2, 2, 2, 2], [0.9705118026542414, 1.0, 0.9954264160670832, 3, 1.0, 0.8431817258358236, 0.9904483965273337, 0.7872340425531915, 3, 3, 3, 3], [0.9705523898690859, 1.0, 0.9988220955947633, 4, 1.0, 0.8431817258358236, 0.9454280148670003, 0.7599999999999999, 4, 4, -1, -1], [0.9684488553020034, 1.0, 0.9987379542120801, 5, 1.0, 0.7848758045882158, 0.9471882792534144, 0.7692307692307694, 5, -1, 0, 0], [0.9702817067757056, 1.0, 0.9988112682710282, 6, 1.0, 0.8431817258358236, 0.9902422919467515, 0.7959183673469388, 6, 0, 0, 0]]"
"0	0	25	3	0.2	0.2	0.40	0.40	0.70	0.40	0.40	0.30	0.2	7	2023-07-20 15:52:33.091891	2023-07-20 17:04:00.063788	1:11:26.971897	1.0	1.0	0.8277711496549548	0.9471882792534144	0.7692307692307694	TOKEN_BASED-ETCONFORMANCE_TOKEN	['begin', 'A', 'B', 'C', 'D', 'E', 'F', 'G', 'H', 'I', 'J', 'K', 'end']	[[0, 1, 0, 0, 0, 0, 0, 0, 0, 0, 0, 0, 0, 0], [0, 0, 1, 1, 0, 0, 0, 0, 0, 0, 0, 0, 0, 0], [0, 0, 0, 0, 1, 0, 0, 0, 0, 0, 0, 0, 0, 0], [0, 0, 0, 0, 1, 0, 1, 0, 0, 0, 0, 0, 0, 0], [1, 0, 0, 0, 0, 1, 0, 0, 0, 0, 0, 0, 0, 0], [0, 0, 0, 0, 0, 0, 1, 1, 0, 0, 0, 0, 0, 0], [0, 0, 0, 0, 0, 0, 0, 1, 1, 0, 0, 0, 0, 0], [0, 0, 0, 0, 0, 0, 1, 0, 1, 0, 0, 0, 0, 0], [0, 0, 0, 0, 1, 0, 0, 0, 0, 1, 0, 0, 0, 0], [0, 0, 0, 0, 0, 0, 0, 0, 0, 0, 1, 0, 0, 0], [0, 0, 0, 0, 0, 0, 0, 0, 0, 0, 1, 1, 0, 0], [0, 0, 0, 0, 0, 0, 0, 0, 0, 0, 0, 0, 1, 0], [0, 0, 0, 0, 1, 0, 0, 0, 0, 0, 0, 0, 0, 0], [0, 0, 0, 0, 0, 0, 0, 0, 0, 0, 0, 0, 0, 0]]	log-artigo10000.xes.gz	[[0.7894977312830854, 1.0, 0.9811879282733743, 0, 1.0, 0.8431817258358236, 0.9904483965273337, 0.7872340425531915, 0, 0, 0, 0], [0.9705118026542414, 1.0, 0.9976552778339369, 1, 1.0, 0.8280113609570482, 0.9471833600529491, 0.7692307692307694, 1, -1, -1, -1], [0.9696589175006965, 1.0, 0.9964044692352704, 2, 1.0, 0.8431817258358236, 0.9902422919467515, 0.7959183673469388, 2, 0, 0, 0], [0.9687041001910814, 1.0, 0.9930191142487014, 3, 1.0, 0.8431817258358236, 0.9902422919467515, 0.7959183673469388, 3, 1, 1, 1], [0.97113939470645, 1.0, 0.9977677818011972, 4, 1.0, 0.8431817258358236, 0.9904483965273337, 0.7872340425531915, 4, 2, 0, -1], [0.953526913348865, 1.0, 0.9835942955014783, 5, 1.0, 0.8431817258358236, 0.9904483965273337, 0.7872340425531915, 5, 3, 1, 0], [0.9316613087258513, 1.0, 0.992673232433415, 6, 1.0, 0.8431817258358236, 0.9902422919467515, 0.7959183673469388, 6, 4, -1, 0], [0.962914629559985, 1.0, 0.9928561642054791, 7, 1.0, 0.8277711496549548, 0.9471882792534144, 0.7692307692307694, 7, -1, -1, -1]]"
"0	1	25	4	0.2	0.2	0.10	0.50	0.60	0.40	0.20	0.30	0.2	6	2023-07-20 15:52:34.222544	2023-07-20 17:05:04.497472	1:12:30.274928	1.0	1.0	0.7848758045882158	0.9471882792534144	0.7692307692307694	TOKEN_BASED-ETCONFORMANCE_TOKEN	['begin', 'A', 'B', 'C', 'D', 'E', 'F', 'G', 'H', 'I', 'J', 'K', 'end']	[[0, 1, 0, 0, 0, 0, 0, 0, 0, 0, 0, 0, 0, 0], [0, 0, 1, 1, 0, 0, 0, 0, 0, 0, 0, 0, 0, 0], [0, 0, 0, 0, 1, 0, 0, 0, 0, 0, 0, 0, 0, 0], [0, 0, 0, 0, 1, 0, 0, 0, 0, 0, 0, 0, 0, 0], [0, 0, 0, 0, 0, 1, 0, 0, 0, 0, 0, 0, 0, 0], [0, 0, 0, 1, 0, 0, 1, 1, 0, 0, 0, 0, 0, 0], [0, 0, 0, 0, 0, 0, 0, 1, 1, 0, 0, 0, 0, 0], [0, 0, 0, 0, 0, 0, 1, 0, 1, 0, 0, 0, 0, 0], [0, 0, 0, 0, 1, 0, 0, 0, 0, 1, 0, 0, 0, 0], [0, 0, 0, 0, 0, 0, 0, 0, 0, 0, 1, 0, 0, 0], [0, 0, 0, 0, 0, 0, 0, 0, 0, 0, 1, 1, 0, 0], [0, 0, 0, 0, 0, 0, 0, 0, 0, 0, 0, 0, 1, 0], [0, 0, 0, 0, 0, 0, 0, 0, 0, 0, 0, 0, 0, 0], [0, 0, 0, 0, 0, 0, 0, 0, 0, 0, 0, 0, 0, 0]]	log-artigo10000.xes.gz	[[0.8567924964288717, 1.0, 0.98605138693732, 0, 1.0, 0.8431817258358236, 0.9904483965273337, 0.7872340425531915, 0, 0, 0, 0], [1.0, 1.0, 1.0, 1, 1.0, 0.8431817258358236, 0.9904483965273337, 0.7872340425531915, 1, 1, 1, 1], [1.0, 1.0, 1.0, 2, 1.0, 0.8431817258358236, 0.9902422919467515, 0.7959183673469388, 2, 2, -1, 0], [0.9714570702131821, 1.0, 0.9988582828085274, 3, 1.0, 0.8431817258358236, 0.9902422919467515, 0.7959183673469388, 3, 3, 0, 1], [0.9693140338777775, 1.0, 0.9964486845135875, 4, 1.0, 0.8431817258358236, 0.9904483965273337, 0.7872340425531915, 4, 4, 0, -1], [0.9713564493291079, 1.0, 0.9988542579731643, 5, 1.0, 0.7848758045882158, 0.9471882792534144, 0.7692307692307694, 5, -1, -1, -1], [1.0, 1.0, 1.0, 6, 1.0, 0.7848758045882158, 0.9471882792534144, 0.7692307692307694, 6, 0, 0, 0]]"
"0	3	25	6	0.2	0.2	0.30	0.70	0.40	0.40	0.20	0.30	0.2	6	2023-07-20 15:52:36.397988	2023-07-20 17:05:20.835698	1:12:44.437710	1.0	1.0	0.8431817258358236	0.9904483965273337	0.7872340425531915	TOKEN_BASED-ETCONFORMANCE_TOKEN	['begin', 'A', 'B', 'C', 'D', 'E', 'F', 'G', 'H', 'I', 'J', 'K', 'end']	[[0, 1, 0, 0, 0, 0, 0, 0, 0, 0, 0, 0, 0, 0], [0, 0, 1, 1, 0, 0, 0, 0, 0, 0, 0, 0, 0, 0], [0, 0, 0, 0, 1, 0, 0, 0, 0, 0, 0, 0, 0, 0], [0, 0, 0, 0, 1, 0, 0, 0, 0, 0, 0, 0, 0, 0], [0, 0, 0, 0, 0, 1, 0, 0, 0, 0, 0, 0, 0, 0], [0, 0, 0, 0, 0, 0, 1, 1, 0, 0, 0, 0, 0, 0], [0, 0, 0, 0, 0, 0, 0, 1, 1, 0, 0, 0, 0, 0], [0, 0, 0, 0, 0, 0, 1, 0, 1, 0, 0, 0, 0, 0], [0, 0, 0, 0, 1, 0, 0, 0, 0, 1, 0, 0, 0, 0], [0, 0, 0, 0, 0, 0, 0, 0, 0, 0, 1, 0, 0, 0], [0, 0, 0, 0, 0, 0, 0, 0, 0, 0, 1, 1, 0, 0], [0, 0, 0, 0, 0, 0, 0, 0, 0, 0, 0, 0, 1, 0], [0, 0, 0, 0, 0, 0, 0, 0, 0, 0, 0, 0, 0, 0], [0, 0, 0, 0, 0, 0, 0, 0, 0, 0, 0, 0, 0, 0]]	log-artigo10000.xes.gz	[[0.9155769259575489, 1.0, 0.9954773350114663, 0, 1.0, 0.8431817258358236, 0.9904483965273337, 0.7872340425531915, 0, 0, 0, 0], [1.0, 1.0, 1.0, 1, 1.0, 0.8431817258358236, 0.9904483965273337, 0.7872340425531915, 1, 1, 1, 1], [1.0, 1.0, 1.0, 2, 1.0, 0.8431817258358236, 0.9904483965273337, 0.7872340425531915, 2, 2, 2, 2], [1.0, 1.0, 1.0, 3, 1.0, 0.8431817258358236, 0.9904483965273337, 0.7872340425531915, 3, 3, 3, 3], [1.0, 1.0, 1.0, 4, 1.0, 0.8431817258358236, 0.9904483965273337, 0.7872340425531915, 4, 4, 4, 4], [0.9592232504262491, 1.0, 0.9932489704254911, 5, 1.0, 0.8131454362160294, 0.9454280148670003, 0.7599999999999999, 5, -1, -1, -1], [1.0, 1.0, 1.0, 6, 1.0, 0.8431817258358236, 0.9904483965273337, 0.7872340425531915, 6, 0, 0, 0]]"
"0	2	25	5	0.2	0.2	0.20	0.60	0.50	0.40	0.40	0.20	0.2	7	2023-07-20 15:52:35.325080	2023-07-20 17:09:22.832496	1:16:47.507416	1.0	1.0	0.8431817258358236	0.9904483965273337	0.7872340425531915	TOKEN_BASED-ETCONFORMANCE_TOKEN	['begin', 'A', 'B', 'C', 'D', 'E', 'F', 'G', 'H', 'I', 'J', 'K', 'end']	[[0, 1, 0, 0, 0, 0, 0, 0, 0, 0, 0, 0, 0, 0], [0, 0, 1, 1, 0, 0, 0, 0, 0, 0, 0, 0, 0, 0], [0, 0, 0, 0, 1, 0, 0, 0, 0, 0, 0, 0, 0, 0], [0, 0, 0, 0, 1, 0, 0, 0, 0, 0, 0, 0, 0, 0], [0, 0, 0, 0, 0, 1, 0, 0, 0, 0, 0, 0, 0, 0], [0, 0, 0, 0, 0, 0, 1, 1, 0, 0, 0, 0, 0, 0], [0, 0, 0, 0, 0, 0, 0, 1, 1, 0, 0, 0, 0, 0], [0, 0, 0, 0, 0, 0, 1, 0, 1, 0, 0, 0, 0, 0], [0, 0, 0, 0, 1, 0, 0, 0, 0, 1, 0, 0, 0, 0], [0, 0, 0, 0, 0, 0, 0, 0, 0, 0, 1, 0, 0, 0], [0, 0, 0, 0, 0, 0, 0, 0, 0, 0, 1, 1, 0, 0], [0, 0, 0, 0, 0, 0, 0, 0, 0, 0, 0, 0, 1, 0], [0, 0, 0, 0, 0, 0, 0, 0, 0, 0, 0, 0, 0, 0], [0, 0, 0, 0, 0, 0, 0, 0, 0, 0, 0, 0, 0, 0]]	log-artigo10000.xes.gz	[[0.8642635120402813, 1.0, 0.9844738257493845, 0, 1.0, 0.8431817258358236, 0.9904483965273337, 0.7872340425531915, 0, 0, 0, 0], [0.9640643567318955, 1.0, 0.9915493707646844, 1, 1.0, 0.8431817258358236, 0.9904483965273337, 0.7872340425531915, 1, 1, 1, 1], [0.9545213319238002, 1.0, 0.9925809775976786, 2, 1.0, 0.8431817258358236, 0.9904483965273337, 0.7872340425531915, 2, 2, 2, 2], [0.9705118026542414, 1.0, 0.9954264160670832, 3, 1.0, 0.8431817258358236, 0.9904483965273337, 0.7872340425531915, 3, 3, 3, 3], [0.9705523898690859, 1.0, 0.9988220955947633, 4, 1.0, 0.8431817258358236, 0.9454280148670003, 0.7599999999999999, 4, 4, -1, -1], [0.9684488553020034, 1.0, 0.9987379542120801, 5, 1.0, 0.7848758045882158, 0.9471882792534144, 0.7692307692307694, 5, -1, 0, 0], [0.9702817067757056, 1.0, 0.9988112682710282, 6, 1.0, 0.8431817258358236, 0.9902422919467515, 0.7959183673469388, 6, 0, 0, 0], [0.9693140338777775, 1.0, 0.9963695887543396, 7, 1.0, 0.8431817258358236, 0.9904483965273337, 0.7872340425531915, 7, 1, 0, -1]]"
"0	0	25	3	0.2	0.2	0.40	0.40	0.70	0.40	0.40	0.30	0.2	8	2023-07-20 15:52:33.091891	2023-07-20 17:11:40.967579	1:19:07.875688	1.0	1.0	0.8280113609570482	0.9502772932446472	0.7857142857142856	TOKEN_BASED-ETCONFORMANCE_TOKEN	['begin', 'A', 'B', 'C', 'D', 'E', 'F', 'G', 'H', 'I', 'J', 'K', 'end']	[[0, 1, 0, 0, 0, 0, 0, 0, 0, 0, 0, 0, 0, 0], [0, 0, 1, 1, 0, 0, 0, 0, 0, 0, 0, 0, 0, 0], [0, 0, 1, 0, 1, 0, 0, 0, 0, 0, 0, 0, 0, 0], [0, 0, 0, 0, 1, 0, 0, 0, 0, 0, 0, 0, 0, 0], [0, 0, 0, 0, 0, 1, 0, 0, 0, 0, 0, 0, 0, 0], [0, 0, 0, 0, 0, 0, 1, 1, 0, 0, 0, 0, 0, 0], [0, 0, 0, 0, 0, 0, 0, 1, 1, 0, 0, 0, 0, 0], [0, 0, 0, 0, 0, 0, 1, 0, 1, 0, 0, 0, 0, 0], [0, 0, 0, 0, 1, 0, 0, 0, 0, 1, 0, 0, 0, 0], [0, 0, 0, 0, 0, 0, 0, 0, 0, 0, 1, 0, 0, 0], [0, 0, 0, 0, 0, 0, 0, 0, 0, 0, 1, 1, 0, 0], [0, 0, 0, 0, 0, 0, 0, 0, 0, 0, 0, 0, 1, 0], [0, 0, 0, 1, 0, 0, 0, 0, 0, 0, 0, 0, 0, 0], [0, 0, 0, 0, 0, 0, 0, 0, 0, 0, 0, 0, 0, 0]]	log-artigo10000.xes.gz	[[0.7894977312830854, 1.0, 0.9811879282733743, 0, 1.0, 0.8431817258358236, 0.9904483965273337, 0.7872340425531915, 0, 0, 0, 0], [0.9705118026542414, 1.0, 0.9976552778339369, 1, 1.0, 0.8280113609570482, 0.9471833600529491, 0.7692307692307694, 1, -1, -1, -1], [0.9696589175006965, 1.0, 0.9964044692352704, 2, 1.0, 0.8431817258358236, 0.9902422919467515, 0.7959183673469388, 2, 0, 0, 0], [0.9687041001910814, 1.0, 0.9930191142487014, 3, 1.0, 0.8431817258358236, 0.9902422919467515, 0.7959183673469388, 3, 1, 1, 1], [0.97113939470645, 1.0, 0.9977677818011972, 4, 1.0, 0.8431817258358236, 0.9904483965273337, 0.7872340425531915, 4, 2, 0, -1], [0.953526913348865, 1.0, 0.9835942955014783, 5, 1.0, 0.8431817258358236, 0.9904483965273337, 0.7872340425531915, 5, 3, 1, 0], [0.9316613087258513, 1.0, 0.992673232433415, 6, 1.0, 0.8431817258358236, 0.9902422919467515, 0.7959183673469388, 6, 4, -1, 0], [0.962914629559985, 1.0, 0.9928561642054791, 7, 1.0, 0.8277711496549548, 0.9471882792534144, 0.7692307692307694, 7, -1, -1, -1], [0.9545213319238002, 1.0, 0.9860536700911615, 8, 1.0, 0.8280113609570482, 0.9502772932446472, 0.7857142857142856, 8, 0, 0, 0]]"
"0	1	25	4	0.2	0.2	0.10	0.50	0.60	0.40	0.20	0.30	0.2	7	2023-07-20 15:52:34.222544	2023-07-20 17:15:15.437132	1:22:41.214588	1.0	1.0	0.8431817258358236	0.9904483965273337	0.7872340425531915	TOKEN_BASED-ETCONFORMANCE_TOKEN	['begin', 'A', 'B', 'C', 'D', 'E', 'F', 'G', 'H', 'I', 'J', 'K', 'end']	[[0, 1, 0, 0, 0, 0, 0, 0, 0, 0, 0, 0, 0, 0], [0, 0, 1, 1, 0, 0, 0, 0, 0, 0, 0, 0, 0, 0], [0, 0, 0, 0, 1, 0, 0, 0, 0, 0, 0, 0, 0, 0], [0, 0, 0, 0, 1, 0, 0, 0, 0, 0, 0, 0, 0, 0], [0, 0, 0, 0, 0, 1, 0, 0, 0, 0, 0, 0, 0, 0], [0, 0, 0, 0, 0, 0, 1, 1, 0, 0, 0, 0, 0, 0], [0, 0, 0, 0, 0, 0, 0, 1, 1, 0, 0, 0, 0, 0], [0, 0, 0, 0, 0, 0, 1, 0, 1, 0, 0, 0, 0, 0], [0, 0, 0, 0, 1, 0, 0, 0, 0, 1, 0, 0, 0, 0], [0, 0, 0, 0, 0, 0, 0, 0, 0, 0, 1, 0, 0, 0], [0, 0, 0, 0, 0, 0, 0, 0, 0, 0, 1, 1, 0, 0], [1, 0, 0, 0, 0, 0, 0, 0, 0, 0, 0, 0, 1, 0], [0, 0, 0, 0, 0, 0, 0, 0, 0, 0, 0, 0, 0, 0], [0, 0, 0, 0, 0, 0, 0, 0, 0, 0, 0, 0, 0, 0]]	log-artigo10000.xes.gz	[[0.8567924964288717, 1.0, 0.98605138693732, 0, 1.0, 0.8431817258358236, 0.9904483965273337, 0.7872340425531915, 0, 0, 0, 0], [1.0, 1.0, 1.0, 1, 1.0, 0.8431817258358236, 0.9904483965273337, 0.7872340425531915, 1, 1, 1, 1], [1.0, 1.0, 1.0, 2, 1.0, 0.8431817258358236, 0.9902422919467515, 0.7959183673469388, 2, 2, -1, 0], [0.9714570702131821, 1.0, 0.9988582828085274, 3, 1.0, 0.8431817258358236, 0.9902422919467515, 0.7959183673469388, 3, 3, 0, 1], [0.9693140338777775, 1.0, 0.9964486845135875, 4, 1.0, 0.8431817258358236, 0.9904483965273337, 0.7872340425531915, 4, 4, 0, -1], [0.9713564493291079, 1.0, 0.9988542579731643, 5, 1.0, 0.7848758045882158, 0.9471882792534144, 0.7692307692307694, 5, -1, -1, -1], [1.0, 1.0, 1.0, 6, 1.0, 0.7848758045882158, 0.9471882792534144, 0.7692307692307694, 6, 0, 0, 0], [0.9713564493291079, 1.0, 0.9988542579731643, 7, 1.0, 0.8431817258358236, 0.9904483965273337, 0.7872340425531915, 7, 0, 0, 0]]"
"0	3	25	6	0.2	0.2	0.30	0.70	0.40	0.40	0.20	0.30	0.2	7	2023-07-20 15:52:36.397988	2023-07-20 17:16:02.742025	1:23:26.344037	1.0	1.0	0.8431817258358236	0.990237149146265	0.7959183673469388	TOKEN_BASED-ETCONFORMANCE_TOKEN	['begin', 'A', 'B', 'C', 'D', 'E', 'F', 'G', 'H', 'I', 'J', 'K', 'end']	[[0, 1, 0, 0, 0, 0, 0, 0, 0, 0, 0, 0, 0, 0], [1, 0, 1, 1, 0, 0, 0, 0, 0, 0, 0, 0, 0, 0], [1, 0, 0, 0, 1, 0, 0, 0, 0, 0, 0, 0, 0, 0], [0, 0, 0, 0, 1, 0, 0, 0, 0, 0, 0, 0, 0, 0], [0, 0, 0, 0, 0, 1, 0, 0, 0, 0, 0, 0, 0, 0], [0, 0, 0, 0, 0, 0, 1, 1, 0, 0, 0, 0, 0, 0], [0, 0, 0, 0, 0, 0, 0, 1, 1, 0, 0, 0, 0, 0], [0, 0, 0, 0, 0, 0, 1, 0, 1, 0, 0, 0, 0, 0], [0, 0, 0, 0, 1, 0, 0, 0, 0, 1, 0, 0, 0, 0], [0, 0, 0, 0, 0, 0, 0, 0, 0, 0, 1, 0, 0, 0], [0, 0, 0, 0, 0, 0, 0, 0, 0, 0, 1, 1, 0, 0], [0, 0, 0, 0, 0, 0, 0, 0, 0, 0, 0, 0, 1, 0], [0, 0, 0, 0, 0, 0, 0, 0, 0, 0, 0, 0, 0, 0], [0, 0, 0, 0, 0, 0, 0, 0, 0, 0, 0, 0, 0, 0]]	log-artigo10000.xes.gz	[[0.9155769259575489, 1.0, 0.9954773350114663, 0, 1.0, 0.8431817258358236, 0.9904483965273337, 0.7872340425531915, 0, 0, 0, 0], [1.0, 1.0, 1.0, 1, 1.0, 0.8431817258358236, 0.9904483965273337, 0.7872340425531915, 1, 1, 1, 1], [1.0, 1.0, 1.0, 2, 1.0, 0.8431817258358236, 0.9904483965273337, 0.7872340425531915, 2, 2, 2, 2], [1.0, 1.0, 1.0, 3, 1.0, 0.8431817258358236, 0.9904483965273337, 0.7872340425531915, 3, 3, 3, 3], [1.0, 1.0, 1.0, 4, 1.0, 0.8431817258358236, 0.9904483965273337, 0.7872340425531915, 4, 4, 4, 4], [0.9592232504262491, 1.0, 0.9932489704254911, 5, 1.0, 0.8131454362160294, 0.9454280148670003, 0.7599999999999999, 5, -1, -1, -1], [1.0, 1.0, 1.0, 6, 1.0, 0.8431817258358236, 0.9904483965273337, 0.7872340425531915, 6, 0, 0, 0], [1.0, 1.0, 1.0, 7, 1.0, 0.8431817258358236, 0.990237149146265, 0.7959183673469388, 7, 1, -1, 0]]"
"0	2	25	5	0.2	0.2	0.20	0.60	0.50	0.40	0.40	0.20	0.2	8	2023-07-20 15:52:35.325080	2023-07-20 17:18:17.403715	1:25:42.078635	1.0	1.0	0.8431817258358236	0.9902422919467515	0.7959183673469388	TOKEN_BASED-ETCONFORMANCE_TOKEN	['begin', 'A', 'B', 'C', 'D', 'E', 'F', 'G', 'H', 'I', 'J', 'K', 'end']	[[0, 1, 0, 0, 0, 0, 0, 0, 0, 0, 0, 0, 0, 0], [0, 0, 1, 1, 0, 0, 0, 0, 0, 0, 0, 0, 0, 0], [0, 0, 0, 0, 1, 0, 0, 0, 0, 0, 0, 0, 0, 0], [1, 0, 0, 0, 1, 0, 0, 0, 0, 0, 0, 0, 0, 0], [0, 0, 0, 0, 0, 1, 0, 0, 0, 0, 0, 0, 0, 0], [0, 0, 0, 0, 0, 0, 1, 1, 0, 0, 0, 0, 0, 0], [0, 0, 0, 0, 0, 0, 0, 1, 1, 0, 0, 0, 0, 0], [0, 0, 0, 0, 0, 0, 1, 0, 1, 0, 0, 0, 0, 0], [0, 0, 0, 0, 1, 0, 0, 0, 0, 1, 0, 0, 0, 0], [0, 0, 0, 0, 0, 0, 0, 0, 0, 0, 1, 0, 0, 0], [0, 0, 0, 0, 0, 0, 0, 0, 0, 0, 1, 1, 0, 0], [0, 0, 0, 0, 0, 0, 0, 0, 0, 0, 0, 0, 1, 0], [0, 0, 0, 0, 0, 0, 0, 0, 0, 0, 0, 0, 0, 0], [0, 0, 0, 0, 0, 0, 0, 0, 0, 0, 0, 0, 0, 0]]	log-artigo10000.xes.gz	[[0.8642635120402813, 1.0, 0.9844738257493845, 0, 1.0, 0.8431817258358236, 0.9904483965273337, 0.7872340425531915, 0, 0, 0, 0], [0.9640643567318955, 1.0, 0.9915493707646844, 1, 1.0, 0.8431817258358236, 0.9904483965273337, 0.7872340425531915, 1, 1, 1, 1], [0.9545213319238002, 1.0, 0.9925809775976786, 2, 1.0, 0.8431817258358236, 0.9904483965273337, 0.7872340425531915, 2, 2, 2, 2], [0.9705118026542414, 1.0, 0.9954264160670832, 3, 1.0, 0.8431817258358236, 0.9904483965273337, 0.7872340425531915, 3, 3, 3, 3], [0.9705523898690859, 1.0, 0.9988220955947633, 4, 1.0, 0.8431817258358236, 0.9454280148670003, 0.7599999999999999, 4, 4, -1, -1], [0.9684488553020034, 1.0, 0.9987379542120801, 5, 1.0, 0.7848758045882158, 0.9471882792534144, 0.7692307692307694, 5, -1, 0, 0], [0.9702817067757056, 1.0, 0.9988112682710282, 6, 1.0, 0.8431817258358236, 0.9902422919467515, 0.7959183673469388, 6, 0, 0, 0], [0.9693140338777775, 1.0, 0.9963695887543396, 7, 1.0, 0.8431817258358236, 0.9904483965273337, 0.7872340425531915, 7, 1, 0, -1], [0.9584477648993778, 1.0, 0.9925239956768006, 8, 1.0, 0.8431817258358236, 0.9902422919467515, 0.7959183673469388, 8, 2, -1, 0]]"
"0	0	25	3	0.2	0.2	0.40	0.40	0.70	0.40	0.40	0.30	0.2	9	2023-07-20 15:52:33.091891	2023-07-20 17:19:55.506843	1:27:22.414952	1.0	1.0	0.8431817258358236	0.9902422919467515	0.7959183673469388	TOKEN_BASED-ETCONFORMANCE_TOKEN	['begin', 'A', 'B', 'C', 'D', 'E', 'F', 'G', 'H', 'I', 'J', 'K', 'end']	[[0, 1, 0, 0, 0, 0, 0, 0, 0, 0, 0, 0, 0, 0], [0, 0, 1, 1, 0, 0, 0, 0, 0, 0, 0, 0, 0, 0], [0, 0, 0, 0, 1, 0, 0, 0, 0, 0, 0, 0, 0, 0], [0, 0, 0, 0, 1, 0, 0, 0, 0, 0, 0, 0, 0, 0], [0, 0, 0, 0, 0, 1, 0, 0, 0, 0, 0, 0, 0, 0], [0, 0, 0, 0, 0, 0, 1, 1, 0, 0, 0, 0, 0, 0], [0, 0, 0, 0, 0, 0, 0, 1, 1, 0, 0, 0, 0, 0], [0, 0, 0, 0, 0, 0, 1, 0, 1, 0, 0, 0, 0, 0], [0, 0, 0, 0, 1, 0, 0, 0, 0, 1, 0, 0, 0, 0], [0, 0, 0, 0, 0, 0, 0, 0, 0, 0, 1, 0, 0, 0], [0, 0, 0, 0, 0, 0, 0, 0, 0, 0, 1, 1, 0, 0], [0, 0, 0, 0, 0, 0, 0, 0, 0, 0, 0, 0, 1, 0], [0, 0, 0, 1, 0, 0, 0, 0, 0, 0, 0, 0, 0, 0], [0, 0, 0, 0, 0, 0, 0, 0, 0, 0, 0, 0, 0, 0]]	log-artigo10000.xes.gz	[[0.7894977312830854, 1.0, 0.9811879282733743, 0, 1.0, 0.8431817258358236, 0.9904483965273337, 0.7872340425531915, 0, 0, 0, 0], [0.9705118026542414, 1.0, 0.9976552778339369, 1, 1.0, 0.8280113609570482, 0.9471833600529491, 0.7692307692307694, 1, -1, -1, -1], [0.9696589175006965, 1.0, 0.9964044692352704, 2, 1.0, 0.8431817258358236, 0.9902422919467515, 0.7959183673469388, 2, 0, 0, 0], [0.9687041001910814, 1.0, 0.9930191142487014, 3, 1.0, 0.8431817258358236, 0.9902422919467515, 0.7959183673469388, 3, 1, 1, 1], [0.97113939470645, 1.0, 0.9977677818011972, 4, 1.0, 0.8431817258358236, 0.9904483965273337, 0.7872340425531915, 4, 2, 0, -1], [0.953526913348865, 1.0, 0.9835942955014783, 5, 1.0, 0.8431817258358236, 0.9904483965273337, 0.7872340425531915, 5, 3, 1, 0], [0.9316613087258513, 1.0, 0.992673232433415, 6, 1.0, 0.8431817258358236, 0.9902422919467515, 0.7959183673469388, 6, 4, -1, 0], [0.962914629559985, 1.0, 0.9928561642054791, 7, 1.0, 0.8277711496549548, 0.9471882792534144, 0.7692307692307694, 7, -1, -1, -1], [0.9545213319238002, 1.0, 0.9860536700911615, 8, 1.0, 0.8280113609570482, 0.9502772932446472, 0.7857142857142856, 8, 0, 0, 0], [0.961938641069076, 1.0, 0.9909585020237602, 9, 1.0, 0.8431817258358236, 0.9902422919467515, 0.7959183673469388, 9, 0, 0, 0]]"
"0	1	25	4	0.2	0.2	0.10	0.50	0.60	0.40	0.20	0.30	0.2	8	2023-07-20 15:52:34.222544	2023-07-20 17:26:18.995451	1:33:44.772907	1.0	1.0	0.7715059214795588	0.9138940199455022	0.7627118644067797	TOKEN_BASED-ETCONFORMANCE_TOKEN	['begin', 'A', 'B', 'C', 'D', 'E', 'F', 'G', 'H', 'I', 'J', 'K', 'end']	[[0, 1, 0, 0, 0, 0, 0, 0, 0, 0, 0, 0, 0, 0], [0, 0, 1, 1, 0, 0, 0, 0, 0, 0, 0, 0, 0, 0], [0, 0, 0, 0, 1, 0, 0, 0, 0, 0, 0, 0, 0, 0], [0, 0, 0, 0, 1, 0, 0, 0, 0, 1, 0, 0, 0, 0], [0, 0, 0, 0, 0, 1, 0, 0, 0, 0, 0, 0, 0, 0], [0, 0, 0, 1, 0, 0, 1, 1, 0, 0, 0, 0, 0, 0], [0, 0, 0, 0, 0, 0, 0, 1, 1, 0, 0, 0, 0, 0], [0, 0, 0, 0, 0, 0, 1, 0, 1, 0, 0, 0, 0, 0], [0, 0, 0, 0, 1, 0, 0, 0, 0, 1, 0, 0, 0, 0], [0, 0, 0, 0, 0, 0, 0, 0, 0, 0, 1, 0, 0, 0], [0, 0, 0, 0, 0, 0, 0, 0, 0, 0, 1, 1, 0, 0], [0, 0, 0, 0, 0, 0, 0, 0, 0, 0, 0, 0, 1, 0], [0, 0, 0, 0, 0, 0, 0, 0, 0, 0, 0, 0, 0, 0], [0, 0, 0, 0, 0, 0, 0, 0, 0, 0, 0, 0, 0, 0]]	log-artigo10000.xes.gz	[[0.8567924964288717, 1.0, 0.98605138693732, 0, 1.0, 0.8431817258358236, 0.9904483965273337, 0.7872340425531915, 0, 0, 0, 0], [1.0, 1.0, 1.0, 1, 1.0, 0.8431817258358236, 0.9904483965273337, 0.7872340425531915, 1, 1, 1, 1], [1.0, 1.0, 1.0, 2, 1.0, 0.8431817258358236, 0.9902422919467515, 0.7959183673469388, 2, 2, -1, 0], [0.9714570702131821, 1.0, 0.9988582828085274, 3, 1.0, 0.8431817258358236, 0.9902422919467515, 0.7959183673469388, 3, 3, 0, 1], [0.9693140338777775, 1.0, 0.9964486845135875, 4, 1.0, 0.8431817258358236, 0.9904483965273337, 0.7872340425531915, 4, 4, 0, -1], [0.9713564493291079, 1.0, 0.9988542579731643, 5, 1.0, 0.7848758045882158, 0.9471882792534144, 0.7692307692307694, 5, -1, -1, -1], [1.0, 1.0, 1.0, 6, 1.0, 0.7848758045882158, 0.9471882792534144, 0.7692307692307694, 6, 0, 0, 0], [0.9713564493291079, 1.0, 0.9988542579731643, 7, 1.0, 0.8431817258358236, 0.9904483965273337, 0.7872340425531915, 7, 0, 0, 0], [1.0, 1.0, 1.0, 8, 1.0, 0.7715059214795588, 0.9138940199455022, 0.7627118644067797, 8, -1, -1, -1]]"
"0	3	25	6	0.2	0.2	0.30	0.70	0.40	0.40	0.20	0.30	0.2	8	2023-07-20 15:52:36.397988	2023-07-20 17:26:26.199302	1:33:49.801314	1.0	1.0	0.8431817258358236	0.990237149146265	0.7959183673469388	TOKEN_BASED-ETCONFORMANCE_TOKEN	['begin', 'A', 'B', 'C', 'D', 'E', 'F', 'G', 'H', 'I', 'J', 'K', 'end']	[[0, 1, 0, 0, 0, 0, 0, 0, 0, 0, 0, 0, 0, 0], [1, 0, 1, 1, 0, 0, 0, 0, 0, 0, 0, 0, 0, 0], [1, 0, 0, 0, 1, 0, 0, 0, 0, 0, 0, 0, 0, 0], [0, 0, 0, 0, 1, 0, 0, 0, 0, 0, 0, 0, 0, 0], [0, 0, 0, 0, 0, 1, 0, 0, 0, 0, 0, 0, 0, 0], [0, 0, 0, 0, 0, 0, 1, 1, 0, 0, 0, 0, 0, 0], [0, 0, 0, 0, 0, 0, 0, 1, 1, 0, 0, 0, 0, 0], [0, 0, 0, 0, 0, 0, 1, 0, 1, 0, 0, 0, 0, 0], [0, 0, 0, 0, 1, 0, 0, 0, 0, 1, 0, 0, 0, 0], [0, 0, 0, 0, 0, 0, 0, 0, 0, 0, 1, 0, 0, 0], [0, 0, 0, 0, 0, 0, 0, 0, 0, 0, 1, 1, 0, 0], [0, 0, 0, 0, 0, 0, 0, 0, 0, 0, 0, 0, 1, 0], [0, 0, 0, 0, 0, 0, 0, 0, 0, 0, 0, 0, 0, 0], [0, 0, 0, 0, 0, 0, 0, 0, 0, 0, 0, 0, 0, 0]]	log-artigo10000.xes.gz	[[0.9155769259575489, 1.0, 0.9954773350114663, 0, 1.0, 0.8431817258358236, 0.9904483965273337, 0.7872340425531915, 0, 0, 0, 0], [1.0, 1.0, 1.0, 1, 1.0, 0.8431817258358236, 0.9904483965273337, 0.7872340425531915, 1, 1, 1, 1], [1.0, 1.0, 1.0, 2, 1.0, 0.8431817258358236, 0.9904483965273337, 0.7872340425531915, 2, 2, 2, 2], [1.0, 1.0, 1.0, 3, 1.0, 0.8431817258358236, 0.9904483965273337, 0.7872340425531915, 3, 3, 3, 3], [1.0, 1.0, 1.0, 4, 1.0, 0.8431817258358236, 0.9904483965273337, 0.7872340425531915, 4, 4, 4, 4], [0.9592232504262491, 1.0, 0.9932489704254911, 5, 1.0, 0.8131454362160294, 0.9454280148670003, 0.7599999999999999, 5, -1, -1, -1], [1.0, 1.0, 1.0, 6, 1.0, 0.8431817258358236, 0.9904483965273337, 0.7872340425531915, 6, 0, 0, 0], [1.0, 1.0, 1.0, 7, 1.0, 0.8431817258358236, 0.990237149146265, 0.7959183673469388, 7, 1, -1, 0], [0.971942903374942, 1.0, 0.9988777161349977, 8, 1.0, 0.8431817258358236, 0.990237149146265, 0.7959183673469388, 8, 2, 0, 1]]"
"0	2	25	5	0.2	0.2	0.20	0.60	0.50	0.40	0.40	0.20	0.2	9	2023-07-20 15:52:35.325080	2023-07-20 17:28:16.864436	1:35:41.539356	1.0	1.0	0.8131454362160294	0.9487971407071815	0.7777777777777779	TOKEN_BASED-ETCONFORMANCE_TOKEN	['begin', 'A', 'B', 'C', 'D', 'E', 'F', 'G', 'H', 'I', 'J', 'K', 'end']	[[0, 1, 1, 0, 0, 0, 0, 0, 0, 0, 0, 0, 0, 0], [0, 0, 1, 1, 0, 0, 0, 0, 0, 0, 0, 0, 0, 0], [0, 0, 0, 0, 1, 0, 0, 0, 0, 0, 0, 0, 0, 0], [1, 0, 0, 0, 1, 0, 0, 0, 0, 0, 0, 0, 0, 0], [0, 0, 0, 0, 0, 1, 0, 0, 0, 0, 0, 0, 0, 0], [0, 0, 0, 0, 0, 0, 1, 1, 0, 0, 0, 0, 0, 0], [0, 0, 0, 0, 0, 0, 0, 1, 1, 0, 0, 0, 0, 0], [0, 0, 0, 0, 0, 0, 1, 0, 1, 0, 0, 0, 0, 0], [0, 0, 0, 0, 1, 0, 0, 0, 0, 1, 0, 0, 0, 0], [0, 0, 0, 0, 0, 0, 0, 0, 0, 0, 1, 0, 0, 0], [0, 0, 0, 0, 0, 0, 0, 0, 0, 0, 1, 1, 0, 0], [0, 0, 0, 0, 0, 0, 0, 0, 0, 0, 0, 0, 1, 0], [0, 0, 0, 0, 0, 0, 0, 0, 0, 0, 0, 0, 0, 0], [0, 0, 0, 0, 0, 0, 0, 0, 0, 0, 0, 0, 0, 0]]	log-artigo10000.xes.gz	[[0.8642635120402813, 1.0, 0.9844738257493845, 0, 1.0, 0.8431817258358236, 0.9904483965273337, 0.7872340425531915, 0, 0, 0, 0], [0.9640643567318955, 1.0, 0.9915493707646844, 1, 1.0, 0.8431817258358236, 0.9904483965273337, 0.7872340425531915, 1, 1, 1, 1], [0.9545213319238002, 1.0, 0.9925809775976786, 2, 1.0, 0.8431817258358236, 0.9904483965273337, 0.7872340425531915, 2, 2, 2, 2], [0.9705118026542414, 1.0, 0.9954264160670832, 3, 1.0, 0.8431817258358236, 0.9904483965273337, 0.7872340425531915, 3, 3, 3, 3], [0.9705523898690859, 1.0, 0.9988220955947633, 4, 1.0, 0.8431817258358236, 0.9454280148670003, 0.7599999999999999, 4, 4, -1, -1], [0.9684488553020034, 1.0, 0.9987379542120801, 5, 1.0, 0.7848758045882158, 0.9471882792534144, 0.7692307692307694, 5, -1, 0, 0], [0.9702817067757056, 1.0, 0.9988112682710282, 6, 1.0, 0.8431817258358236, 0.9902422919467515, 0.7959183673469388, 6, 0, 0, 0], [0.9693140338777775, 1.0, 0.9963695887543396, 7, 1.0, 0.8431817258358236, 0.9904483965273337, 0.7872340425531915, 7, 1, 0, -1], [0.9584477648993778, 1.0, 0.9925239956768006, 8, 1.0, 0.8431817258358236, 0.9902422919467515, 0.7959183673469388, 8, 2, -1, 0], [0.9680295475854575, 1.0, 0.9987211819034184, 9, 1.0, 0.8131454362160294, 0.9487971407071815, 0.7777777777777779, 9, -1, -1, -1]]"
"0	0	25	3	0.2	0.2	0.40	0.40	0.70	0.40	0.40	0.30	0.2	10	2023-07-20 15:52:33.091891	2023-07-20 17:28:38.775259	1:36:05.683368	1.0	1.0	0.8431817258358236	0.9904483965273337	0.7872340425531915	TOKEN_BASED-ETCONFORMANCE_TOKEN	['begin', 'A', 'B', 'C', 'D', 'E', 'F', 'G', 'H', 'I', 'J', 'K', 'end']	[[0, 1, 0, 0, 0, 0, 0, 0, 0, 0, 0, 0, 0, 0], [0, 0, 1, 1, 0, 0, 0, 0, 0, 0, 0, 0, 0, 0], [0, 0, 0, 0, 1, 0, 0, 0, 0, 0, 0, 0, 0, 0], [0, 0, 0, 0, 1, 0, 0, 0, 0, 0, 0, 0, 0, 0], [0, 0, 0, 0, 0, 1, 0, 0, 0, 0, 0, 0, 0, 0], [0, 0, 0, 0, 0, 0, 1, 1, 0, 0, 0, 0, 0, 0], [0, 0, 0, 0, 0, 0, 0, 1, 1, 0, 0, 0, 0, 0], [0, 0, 0, 0, 0, 0, 1, 0, 1, 0, 0, 0, 0, 0], [0, 0, 0, 0, 1, 0, 0, 0, 0, 1, 0, 0, 0, 0], [0, 0, 0, 0, 0, 0, 0, 0, 0, 0, 1, 0, 0, 0], [0, 0, 0, 0, 0, 0, 0, 0, 0, 0, 1, 1, 0, 0], [1, 0, 0, 0, 0, 0, 0, 0, 0, 0, 0, 0, 1, 0], [0, 0, 0, 0, 0, 0, 0, 0, 0, 0, 0, 0, 0, 0], [0, 0, 0, 0, 0, 0, 0, 0, 0, 0, 0, 0, 0, 0]]	log-artigo10000.xes.gz	[[0.7894977312830854, 1.0, 0.9811879282733743, 0, 1.0, 0.8431817258358236, 0.9904483965273337, 0.7872340425531915, 0, 0, 0, 0], [0.9705118026542414, 1.0, 0.9976552778339369, 1, 1.0, 0.8280113609570482, 0.9471833600529491, 0.7692307692307694, 1, -1, -1, -1], [0.9696589175006965, 1.0, 0.9964044692352704, 2, 1.0, 0.8431817258358236, 0.9902422919467515, 0.7959183673469388, 2, 0, 0, 0], [0.9687041001910814, 1.0, 0.9930191142487014, 3, 1.0, 0.8431817258358236, 0.9902422919467515, 0.7959183673469388, 3, 1, 1, 1], [0.97113939470645, 1.0, 0.9977677818011972, 4, 1.0, 0.8431817258358236, 0.9904483965273337, 0.7872340425531915, 4, 2, 0, -1], [0.953526913348865, 1.0, 0.9835942955014783, 5, 1.0, 0.8431817258358236, 0.9904483965273337, 0.7872340425531915, 5, 3, 1, 0], [0.9316613087258513, 1.0, 0.992673232433415, 6, 1.0, 0.8431817258358236, 0.9902422919467515, 0.7959183673469388, 6, 4, -1, 0], [0.962914629559985, 1.0, 0.9928561642054791, 7, 1.0, 0.8277711496549548, 0.9471882792534144, 0.7692307692307694, 7, -1, -1, -1], [0.9545213319238002, 1.0, 0.9860536700911615, 8, 1.0, 0.8280113609570482, 0.9502772932446472, 0.7857142857142856, 8, 0, 0, 0], [0.961938641069076, 1.0, 0.9909585020237602, 9, 1.0, 0.8431817258358236, 0.9902422919467515, 0.7959183673469388, 9, 0, 0, 0], [0.961938641069076, 1.0, 0.991799307945833, 10, 1.0, 0.8431817258358236, 0.9904483965273337, 0.7872340425531915, 10, 1, 0, -1]]"
"0	1	25	4	0.2	0.2	0.10	0.50	0.60	0.40	0.20	0.30	0.2	9	2023-07-20 15:52:34.222544	2023-07-20 17:36:25.059034	1:43:50.836490	1.0	1.0	0.7848758045882158	0.9489721009511889	0.7777777777777779	ALIGNMENT_BASED-ETCONFORMANCE_TOKEN	['begin', 'A', 'B', 'C', 'D', 'E', 'F', 'G', 'H', 'I', 'J', 'K', 'end']	[[0, 1, 0, 0, 0, 0, 0, 0, 0, 0, 0, 0, 0, 0], [1, 0, 1, 1, 0, 0, 0, 0, 0, 0, 0, 0, 0, 0], [0, 0, 0, 0, 1, 0, 0, 0, 0, 0, 0, 0, 0, 0], [1, 0, 0, 0, 1, 0, 0, 0, 0, 0, 0, 0, 0, 0], [0, 0, 0, 0, 0, 1, 0, 0, 0, 0, 0, 0, 0, 0], [0, 0, 0, 0, 0, 0, 1, 1, 0, 0, 0, 0, 0, 0], [0, 0, 0, 0, 0, 0, 0, 1, 1, 0, 0, 0, 0, 0], [0, 0, 0, 0, 0, 0, 1, 0, 1, 1, 0, 0, 0, 0], [0, 0, 0, 0, 1, 0, 0, 0, 0, 1, 0, 0, 0, 0], [0, 0, 0, 0, 0, 0, 0, 0, 0, 0, 1, 0, 0, 0], [0, 0, 0, 0, 0, 0, 0, 0, 0, 0, 1, 1, 0, 0], [0, 0, 0, 0, 0, 0, 0, 0, 0, 0, 0, 0, 1, 0], [0, 0, 0, 0, 0, 0, 0, 0, 0, 0, 0, 0, 0, 0], [0, 0, 0, 0, 0, 0, 0, 0, 0, 0, 0, 0, 0, 0]]	log-artigo10000.xes.gz	[[0.8567924964288717, 1.0, 0.98605138693732, 0, 1.0, 0.8431817258358236, 0.9904483965273337, 0.7872340425531915, 0, 0, 0, 0], [1.0, 1.0, 1.0, 1, 1.0, 0.8431817258358236, 0.9904483965273337, 0.7872340425531915, 1, 1, 1, 1], [1.0, 1.0, 1.0, 2, 1.0, 0.8431817258358236, 0.9902422919467515, 0.7959183673469388, 2, 2, -1, 0], [0.9714570702131821, 1.0, 0.9988582828085274, 3, 1.0, 0.8431817258358236, 0.9902422919467515, 0.7959183673469388, 3, 3, 0, 1], [0.9693140338777775, 1.0, 0.9964486845135875, 4, 1.0, 0.8431817258358236, 0.9904483965273337, 0.7872340425531915, 4, 4, 0, -1], [0.9713564493291079, 1.0, 0.9988542579731643, 5, 1.0, 0.7848758045882158, 0.9471882792534144, 0.7692307692307694, 5, -1, -1, -1], [1.0, 1.0, 1.0, 6, 1.0, 0.7848758045882158, 0.9471882792534144, 0.7692307692307694, 6, 0, 0, 0], [0.9713564493291079, 1.0, 0.9988542579731643, 7, 1.0, 0.8431817258358236, 0.9904483965273337, 0.7872340425531915, 7, 0, 0, 0], [1.0, 1.0, 1.0, 8, 1.0, 0.7715059214795588, 0.9138940199455022, 0.7627118644067797, 8, -1, -1, -1], [0.9699509133736348, 1.0, 0.9976992975927282, 9, 1.0, 0.7848758045882158, 0.9489721009511889, 0.7777777777777779, 9, 0, 0, 0]]"
"0	3	25	6	0.2	0.2	0.30	0.70	0.40	0.40	0.20	0.30	0.2	9	2023-07-20 15:52:36.397988	2023-07-20 17:36:35.545954	1:43:59.147966	1.0	1.0	0.8431817258358236	0.9902422919467515	0.7959183673469388	ALIGNMENT_BASED-ETCONFORMANCE_TOKEN	['begin', 'A', 'B', 'C', 'D', 'E', 'F', 'G', 'H', 'I', 'J', 'K', 'end']	[[0, 1, 0, 0, 0, 0, 0, 0, 0, 0, 0, 0, 0, 0], [0, 0, 1, 1, 0, 0, 0, 0, 0, 0, 0, 0, 0, 0], [0, 0, 0, 0, 1, 0, 0, 0, 0, 0, 0, 0, 0, 0], [1, 0, 0, 0, 1, 0, 0, 0, 0, 0, 0, 0, 0, 0], [0, 0, 0, 0, 0, 1, 0, 0, 0, 0, 0, 0, 0, 0], [0, 0, 0, 0, 0, 0, 1, 1, 0, 0, 0, 0, 0, 0], [0, 0, 0, 0, 0, 0, 0, 1, 1, 0, 0, 0, 0, 0], [0, 0, 0, 0, 0, 0, 1, 0, 1, 0, 0, 0, 0, 0], [0, 0, 0, 0, 1, 0, 0, 0, 0, 1, 0, 0, 0, 0], [0, 0, 0, 0, 0, 0, 0, 0, 0, 0, 1, 0, 0, 0], [0, 0, 0, 0, 0, 0, 0, 0, 0, 0, 1, 1, 0, 0], [0, 0, 0, 0, 0, 0, 0, 0, 0, 0, 0, 0, 1, 0], [0, 0, 0, 0, 0, 0, 0, 0, 0, 0, 0, 0, 0, 0], [0, 0, 0, 0, 0, 0, 0, 0, 0, 0, 0, 0, 0, 0]]	log-artigo10000.xes.gz	[[0.9155769259575489, 1.0, 0.9954773350114663, 0, 1.0, 0.8431817258358236, 0.9904483965273337, 0.7872340425531915, 0, 0, 0, 0], [1.0, 1.0, 1.0, 1, 1.0, 0.8431817258358236, 0.9904483965273337, 0.7872340425531915, 1, 1, 1, 1], [1.0, 1.0, 1.0, 2, 1.0, 0.8431817258358236, 0.9904483965273337, 0.7872340425531915, 2, 2, 2, 2], [1.0, 1.0, 1.0, 3, 1.0, 0.8431817258358236, 0.9904483965273337, 0.7872340425531915, 3, 3, 3, 3], [1.0, 1.0, 1.0, 4, 1.0, 0.8431817258358236, 0.9904483965273337, 0.7872340425531915, 4, 4, 4, 4], [0.9592232504262491, 1.0, 0.9932489704254911, 5, 1.0, 0.8131454362160294, 0.9454280148670003, 0.7599999999999999, 5, -1, -1, -1], [1.0, 1.0, 1.0, 6, 1.0, 0.8431817258358236, 0.9904483965273337, 0.7872340425531915, 6, 0, 0, 0], [1.0, 1.0, 1.0, 7, 1.0, 0.8431817258358236, 0.990237149146265, 0.7959183673469388, 7, 1, -1, 0], [0.971942903374942, 1.0, 0.9988777161349977, 8, 1.0, 0.8431817258358236, 0.990237149146265, 0.7959183673469388, 8, 2, 0, 1], [0.9725147192028986, 1.0, 0.9989005887681159, 9, 1.0, 0.8431817258358236, 0.9902422919467515, 0.7959183673469388, 9, 3, 0, 2]]"
"0	2	25	5	0.2	0.2	0.20	0.60	0.50	0.40	0.40	0.20	0.2	10	2023-07-20 15:52:35.325080	2023-07-20 17:37:41.303240	1:45:05.978160	1.0	1.0	0.8431817258358236	0.9902422919467515	0.7959183673469388	ALIGNMENT_BASED-ETCONFORMANCE_TOKEN	['begin', 'A', 'B', 'C', 'D', 'E', 'F', 'G', 'H', 'I', 'J', 'K', 'end']	[[0, 1, 0, 0, 0, 0, 0, 0, 0, 0, 0, 0, 0, 0], [0, 0, 1, 1, 0, 0, 0, 0, 0, 0, 0, 0, 0, 0], [0, 0, 0, 0, 1, 0, 0, 0, 0, 0, 0, 0, 0, 0], [1, 0, 0, 0, 1, 0, 0, 0, 0, 0, 0, 0, 0, 0], [0, 0, 0, 0, 0, 1, 0, 0, 0, 0, 0, 0, 0, 0], [0, 0, 0, 0, 0, 0, 1, 1, 0, 0, 0, 0, 0, 0], [0, 0, 0, 0, 0, 0, 0, 1, 1, 0, 0, 0, 0, 0], [0, 0, 0, 0, 0, 0, 1, 0, 1, 0, 0, 0, 0, 0], [0, 0, 0, 0, 1, 0, 0, 0, 0, 1, 0, 0, 0, 0], [0, 0, 0, 0, 0, 0, 0, 0, 0, 0, 1, 0, 0, 0], [0, 0, 0, 0, 0, 0, 0, 0, 0, 0, 1, 1, 0, 0], [0, 0, 0, 0, 0, 0, 0, 0, 0, 0, 0, 0, 1, 0], [1, 0, 0, 0, 0, 0, 0, 0, 0, 0, 0, 0, 0, 0], [0, 0, 0, 0, 0, 0, 0, 0, 0, 0, 0, 0, 0, 0]]	log-artigo10000.xes.gz	[[0.8642635120402813, 1.0, 0.9844738257493845, 0, 1.0, 0.8431817258358236, 0.9904483965273337, 0.7872340425531915, 0, 0, 0, 0], [0.9640643567318955, 1.0, 0.9915493707646844, 1, 1.0, 0.8431817258358236, 0.9904483965273337, 0.7872340425531915, 1, 1, 1, 1], [0.9545213319238002, 1.0, 0.9925809775976786, 2, 1.0, 0.8431817258358236, 0.9904483965273337, 0.7872340425531915, 2, 2, 2, 2], [0.9705118026542414, 1.0, 0.9954264160670832, 3, 1.0, 0.8431817258358236, 0.9904483965273337, 0.7872340425531915, 3, 3, 3, 3], [0.9705523898690859, 1.0, 0.9988220955947633, 4, 1.0, 0.8431817258358236, 0.9454280148670003, 0.7599999999999999, 4, 4, -1, -1], [0.9684488553020034, 1.0, 0.9987379542120801, 5, 1.0, 0.7848758045882158, 0.9471882792534144, 0.7692307692307694, 5, -1, 0, 0], [0.9702817067757056, 1.0, 0.9988112682710282, 6, 1.0, 0.8431817258358236, 0.9902422919467515, 0.7959183673469388, 6, 0, 0, 0], [0.9693140338777775, 1.0, 0.9963695887543396, 7, 1.0, 0.8431817258358236, 0.9904483965273337, 0.7872340425531915, 7, 1, 0, -1], [0.9584477648993778, 1.0, 0.9925239956768006, 8, 1.0, 0.8431817258358236, 0.9902422919467515, 0.7959183673469388, 8, 2, -1, 0], [0.9680295475854575, 1.0, 0.9987211819034184, 9, 1.0, 0.8131454362160294, 0.9487971407071815, 0.7777777777777779, 9, -1, -1, -1], [0.961938641069076, 1.0, 0.9942832961514873, 10, 1.0, 0.8431817258358236, 0.9902422919467515, 0.7959183673469388, 10, 0, 0, 0]]"
"0	0	25	3	0.2	0.2	0.40	0.40	0.70	0.40	0.40	0.30	0.2	11	2023-07-20 15:52:33.091891	2023-07-20 18:03:54.791243	2:11:21.699352	1.0	1.0	0.8431817258358236	0.9902422919467515	0.7959183673469388	ALIGNMENT_BASED-ETCONFORMANCE_TOKEN	['begin', 'A', 'B', 'C', 'D', 'E', 'F', 'G', 'H', 'I', 'J', 'K', 'end']	[[0, 1, 0, 0, 0, 0, 0, 0, 0, 0, 0, 0, 0, 0], [0, 0, 1, 1, 0, 0, 0, 0, 0, 0, 0, 0, 0, 0], [0, 0, 0, 0, 1, 0, 0, 0, 0, 0, 0, 0, 0, 0], [0, 0, 0, 0, 1, 0, 0, 0, 0, 0, 0, 0, 0, 0], [0, 0, 0, 0, 0, 1, 0, 0, 0, 0, 0, 0, 0, 0], [0, 0, 0, 0, 0, 0, 1, 1, 0, 0, 0, 0, 0, 0], [0, 0, 0, 0, 0, 0, 0, 1, 1, 0, 0, 0, 0, 0], [0, 0, 0, 0, 0, 0, 1, 0, 1, 0, 0, 0, 0, 0], [0, 0, 0, 0, 1, 0, 0, 0, 0, 1, 0, 0, 0, 0], [0, 0, 0, 0, 0, 0, 0, 0, 0, 0, 1, 0, 0, 0], [0, 0, 0, 0, 0, 0, 0, 0, 0, 0, 1, 1, 0, 0], [0, 0, 0, 0, 0, 0, 0, 0, 0, 0, 0, 0, 1, 0], [0, 0, 0, 1, 0, 0, 0, 0, 0, 0, 0, 0, 0, 0], [0, 0, 0, 0, 0, 0, 0, 0, 0, 0, 0, 0, 0, 0]]	log-artigo10000.xes.gz	[[0.7894977312830854, 1.0, 0.9811879282733743, 0, 1.0, 0.8431817258358236, 0.9904483965273337, 0.7872340425531915, 0, 0, 0, 0], [0.9705118026542414, 1.0, 0.9976552778339369, 1, 1.0, 0.8280113609570482, 0.9471833600529491, 0.7692307692307694, 1, -1, -1, -1], [0.9696589175006965, 1.0, 0.9964044692352704, 2, 1.0, 0.8431817258358236, 0.9902422919467515, 0.7959183673469388, 2, 0, 0, 0], [0.9687041001910814, 1.0, 0.9930191142487014, 3, 1.0, 0.8431817258358236, 0.9902422919467515, 0.7959183673469388, 3, 1, 1, 1], [0.97113939470645, 1.0, 0.9977677818011972, 4, 1.0, 0.8431817258358236, 0.9904483965273337, 0.7872340425531915, 4, 2, 0, -1], [0.953526913348865, 1.0, 0.9835942955014783, 5, 1.0, 0.8431817258358236, 0.9904483965273337, 0.7872340425531915, 5, 3, 1, 0], [0.9316613087258513, 1.0, 0.992673232433415, 6, 1.0, 0.8431817258358236, 0.9902422919467515, 0.7959183673469388, 6, 4, -1, 0], [0.962914629559985, 1.0, 0.9928561642054791, 7, 1.0, 0.8277711496549548, 0.9471882792534144, 0.7692307692307694, 7, -1, -1, -1], [0.9545213319238002, 1.0, 0.9860536700911615, 8, 1.0, 0.8280113609570482, 0.9502772932446472, 0.7857142857142856, 8, 0, 0, 0], [0.961938641069076, 1.0, 0.9909585020237602, 9, 1.0, 0.8431817258358236, 0.9902422919467515, 0.7959183673469388, 9, 0, 0, 0], [0.961938641069076, 1.0, 0.991799307945833, 10, 1.0, 0.8431817258358236, 0.9904483965273337, 0.7872340425531915, 10, 1, 0, -1], [0.9657985952369866, 1.0, 0.9972638876189589, 11, 1.0, 0.8431817258358236, 0.9902422919467515, 0.7959183673469388, 11, 2, -1, 0]]"
"0	3	25	6	0.2	0.2	0.30	0.70	0.40	0.40	0.20	0.30	0.2	10	2023-07-20 15:52:36.397988	2023-07-20 18:09:34.045143	2:16:57.647155	1.0	1.0	0.8431817258358236	0.9900491903031459	0.8039215686274508	ALIGNMENT_BASED-ETCONFORMANCE_TOKEN	['begin', 'A', 'B', 'C', 'D', 'E', 'F', 'G', 'H', 'I', 'J', 'K', 'end']	[[0, 1, 0, 0, 0, 0, 0, 0, 0, 0, 0, 0, 0, 0], [0, 0, 1, 1, 0, 0, 0, 0, 0, 0, 0, 0, 0, 0], [1, 0, 0, 0, 1, 0, 0, 0, 0, 0, 0, 0, 0, 0], [1, 0, 0, 0, 1, 0, 0, 0, 0, 0, 0, 0, 0, 0], [0, 0, 0, 0, 0, 1, 0, 0, 0, 0, 0, 0, 0, 0], [0, 0, 0, 0, 0, 0, 1, 1, 0, 0, 0, 0, 0, 0], [0, 0, 0, 0, 0, 0, 0, 1, 1, 0, 0, 0, 0, 0], [0, 0, 0, 0, 0, 0, 1, 0, 1, 0, 0, 0, 0, 0], [0, 0, 0, 0, 1, 0, 0, 0, 0, 1, 0, 0, 0, 0], [0, 0, 0, 0, 0, 0, 0, 0, 0, 0, 1, 0, 0, 0], [0, 0, 0, 0, 0, 0, 0, 0, 0, 0, 1, 1, 0, 0], [0, 0, 0, 0, 0, 0, 0, 0, 0, 0, 0, 0, 1, 0], [0, 0, 0, 0, 0, 0, 0, 0, 0, 0, 0, 0, 0, 0], [0, 0, 0, 0, 0, 0, 0, 0, 0, 0, 0, 0, 0, 0]]	log-artigo10000.xes.gz	[[0.9155769259575489, 1.0, 0.9954773350114663, 0, 1.0, 0.8431817258358236, 0.9904483965273337, 0.7872340425531915, 0, 0, 0, 0], [1.0, 1.0, 1.0, 1, 1.0, 0.8431817258358236, 0.9904483965273337, 0.7872340425531915, 1, 1, 1, 1], [1.0, 1.0, 1.0, 2, 1.0, 0.8431817258358236, 0.9904483965273337, 0.7872340425531915, 2, 2, 2, 2], [1.0, 1.0, 1.0, 3, 1.0, 0.8431817258358236, 0.9904483965273337, 0.7872340425531915, 3, 3, 3, 3], [1.0, 1.0, 1.0, 4, 1.0, 0.8431817258358236, 0.9904483965273337, 0.7872340425531915, 4, 4, 4, 4], [0.9592232504262491, 1.0, 0.9932489704254911, 5, 1.0, 0.8131454362160294, 0.9454280148670003, 0.7599999999999999, 5, -1, -1, -1], [1.0, 1.0, 1.0, 6, 1.0, 0.8431817258358236, 0.9904483965273337, 0.7872340425531915, 6, 0, 0, 0], [1.0, 1.0, 1.0, 7, 1.0, 0.8431817258358236, 0.990237149146265, 0.7959183673469388, 7, 1, -1, 0], [0.971942903374942, 1.0, 0.9988777161349977, 8, 1.0, 0.8431817258358236, 0.990237149146265, 0.7959183673469388, 8, 2, 0, 1], [0.9725147192028986, 1.0, 0.9989005887681159, 9, 1.0, 0.8431817258358236, 0.9902422919467515, 0.7959183673469388, 9, 3, 0, 2], [1.0, 1.0, 1.0, 10, 1.0, 0.8431817258358236, 0.9900491903031459, 0.8039215686274508, 10, 4, -1, 0]]"
"0	2	25	5	0.2	0.2	0.20	0.60	0.50	0.40	0.40	0.20	0.2	11	2023-07-20 15:52:35.325080	2023-07-20 18:10:42.606517	2:18:07.281437	1.0	1.0	0.8277711496549548	0.9489721009511889	0.7777777777777779	ALIGNMENT_BASED-ETCONFORMANCE_TOKEN	['begin', 'A', 'B', 'C', 'D', 'E', 'F', 'G', 'H', 'I', 'J', 'K', 'end']	[[0, 1, 0, 0, 0, 0, 0, 0, 0, 0, 0, 0, 0, 0], [0, 0, 1, 1, 0, 0, 0, 0, 0, 0, 0, 0, 0, 0], [0, 0, 0, 0, 1, 0, 0, 0, 0, 0, 0, 0, 0, 0], [1, 0, 0, 0, 1, 0, 0, 0, 0, 0, 0, 1, 0, 0], [0, 0, 0, 0, 0, 1, 0, 0, 0, 0, 0, 0, 0, 0], [0, 0, 0, 0, 0, 0, 1, 1, 0, 0, 0, 0, 0, 0], [0, 0, 0, 0, 0, 0, 0, 1, 1, 0, 0, 0, 0, 0], [0, 0, 0, 0, 0, 0, 1, 0, 1, 0, 0, 0, 0, 0], [0, 0, 0, 0, 1, 0, 0, 0, 0, 1, 0, 0, 0, 0], [0, 0, 0, 0, 0, 0, 0, 0, 0, 0, 1, 0, 0, 0], [0, 0, 0, 0, 0, 0, 0, 0, 0, 0, 1, 1, 0, 0], [0, 0, 0, 0, 0, 0, 0, 0, 0, 0, 0, 0, 1, 0], [0, 0, 0, 0, 0, 0, 0, 0, 0, 0, 0, 0, 0, 0], [0, 0, 0, 0, 0, 0, 0, 0, 0, 0, 0, 0, 0, 0]]	log-artigo10000.xes.gz	[[0.8642635120402813, 1.0, 0.9844738257493845, 0, 1.0, 0.8431817258358236, 0.9904483965273337, 0.7872340425531915, 0, 0, 0, 0], [0.9640643567318955, 1.0, 0.9915493707646844, 1, 1.0, 0.8431817258358236, 0.9904483965273337, 0.7872340425531915, 1, 1, 1, 1], [0.9545213319238002, 1.0, 0.9925809775976786, 2, 1.0, 0.8431817258358236, 0.9904483965273337, 0.7872340425531915, 2, 2, 2, 2], [0.9705118026542414, 1.0, 0.9954264160670832, 3, 1.0, 0.8431817258358236, 0.9904483965273337, 0.7872340425531915, 3, 3, 3, 3], [0.9705523898690859, 1.0, 0.9988220955947633, 4, 1.0, 0.8431817258358236, 0.9454280148670003, 0.7599999999999999, 4, 4, -1, -1], [0.9684488553020034, 1.0, 0.9987379542120801, 5, 1.0, 0.7848758045882158, 0.9471882792534144, 0.7692307692307694, 5, -1, 0, 0], [0.9702817067757056, 1.0, 0.9988112682710282, 6, 1.0, 0.8431817258358236, 0.9902422919467515, 0.7959183673469388, 6, 0, 0, 0], [0.9693140338777775, 1.0, 0.9963695887543396, 7, 1.0, 0.8431817258358236, 0.9904483965273337, 0.7872340425531915, 7, 1, 0, -1], [0.9584477648993778, 1.0, 0.9925239956768006, 8, 1.0, 0.8431817258358236, 0.9902422919467515, 0.7959183673469388, 8, 2, -1, 0], [0.9680295475854575, 1.0, 0.9987211819034184, 9, 1.0, 0.8131454362160294, 0.9487971407071815, 0.7777777777777779, 9, -1, -1, -1], [0.961938641069076, 1.0, 0.9942832961514873, 10, 1.0, 0.8431817258358236, 0.9902422919467515, 0.7959183673469388, 10, 0, 0, 0], [1.0, 1.0, 1.0, 11, 1.0, 0.8277711496549548, 0.9489721009511889, 0.7777777777777779, 11, -1, -1, -1]]"
"0	1	25	4	0.2	0.2	0.10	0.50	0.60	0.40	0.20	0.30	0.2	10	2023-07-20 15:52:34.222544	2023-07-20 18:12:27.192310	2:19:52.969766	1.0	1.0	0.7848758045882158	0.9489721009511889	0.7777777777777779	ALIGNMENT_BASED-ETCONFORMANCE_TOKEN	['begin', 'A', 'B', 'C', 'D', 'E', 'F', 'G', 'H', 'I', 'J', 'K', 'end']	[[0, 1, 0, 0, 0, 0, 0, 0, 0, 0, 0, 0, 0, 0], [1, 0, 1, 1, 0, 0, 0, 0, 0, 0, 0, 0, 0, 0], [0, 0, 0, 0, 1, 0, 0, 0, 0, 0, 0, 0, 0, 0], [1, 0, 0, 0, 1, 0, 0, 0, 0, 0, 0, 0, 0, 0], [0, 0, 0, 0, 0, 1, 0, 0, 0, 0, 0, 0, 0, 0], [0, 0, 0, 0, 0, 0, 1, 1, 0, 0, 0, 0, 0, 0], [0, 0, 0, 0, 0, 0, 0, 1, 1, 0, 0, 0, 0, 0], [0, 0, 0, 0, 0, 0, 1, 0, 1, 1, 0, 0, 0, 0], [0, 0, 0, 0, 1, 0, 0, 0, 0, 1, 0, 0, 0, 0], [0, 0, 0, 0, 0, 0, 0, 0, 0, 0, 1, 0, 0, 0], [0, 0, 0, 0, 0, 0, 0, 0, 0, 0, 1, 1, 0, 0], [0, 0, 0, 0, 0, 0, 0, 0, 0, 0, 0, 0, 1, 0], [0, 0, 0, 0, 0, 0, 0, 0, 0, 0, 0, 0, 0, 0], [0, 0, 0, 0, 0, 0, 0, 0, 0, 0, 0, 0, 0, 0]]	log-artigo10000.xes.gz	[[0.8567924964288717, 1.0, 0.98605138693732, 0, 1.0, 0.8431817258358236, 0.9904483965273337, 0.7872340425531915, 0, 0, 0, 0], [1.0, 1.0, 1.0, 1, 1.0, 0.8431817258358236, 0.9904483965273337, 0.7872340425531915, 1, 1, 1, 1], [1.0, 1.0, 1.0, 2, 1.0, 0.8431817258358236, 0.9902422919467515, 0.7959183673469388, 2, 2, -1, 0], [0.9714570702131821, 1.0, 0.9988582828085274, 3, 1.0, 0.8431817258358236, 0.9902422919467515, 0.7959183673469388, 3, 3, 0, 1], [0.9693140338777775, 1.0, 0.9964486845135875, 4, 1.0, 0.8431817258358236, 0.9904483965273337, 0.7872340425531915, 4, 4, 0, -1], [0.9713564493291079, 1.0, 0.9988542579731643, 5, 1.0, 0.7848758045882158, 0.9471882792534144, 0.7692307692307694, 5, -1, -1, -1], [1.0, 1.0, 1.0, 6, 1.0, 0.7848758045882158, 0.9471882792534144, 0.7692307692307694, 6, 0, 0, 0], [0.9713564493291079, 1.0, 0.9988542579731643, 7, 1.0, 0.8431817258358236, 0.9904483965273337, 0.7872340425531915, 7, 0, 0, 0], [1.0, 1.0, 1.0, 8, 1.0, 0.7715059214795588, 0.9138940199455022, 0.7627118644067797, 8, -1, -1, -1], [0.9699509133736348, 1.0, 0.9976992975927282, 9, 1.0, 0.7848758045882158, 0.9489721009511889, 0.7777777777777779, 9, 0, 0, 0], [1.0, 1.0, 1.0, 10, 1.0, 0.7848758045882158, 0.9489721009511889, 0.7777777777777779, 10, 1, 1, 1]]"
"0	0	25	3	0.2	0.2	0.40	0.40	0.70	0.40	0.40	0.30	0.2	12	2023-07-20 15:52:33.091891	2023-07-20 18:21:59.064888	2:29:25.972997	1.0	1.0	0.8431817258358236	0.9902422919467515	0.7959183673469388	ALIGNMENT_BASED-ETCONFORMANCE_TOKEN	['begin', 'A', 'B', 'C', 'D', 'E', 'F', 'G', 'H', 'I', 'J', 'K', 'end']	[[0, 1, 0, 0, 0, 0, 0, 0, 0, 0, 0, 0, 0, 0], [0, 0, 1, 1, 0, 0, 0, 0, 0, 0, 0, 0, 0, 0], [0, 0, 0, 0, 1, 0, 0, 0, 0, 0, 0, 0, 0, 0], [0, 0, 0, 0, 1, 0, 0, 0, 0, 0, 0, 0, 0, 0], [0, 0, 0, 0, 0, 1, 0, 0, 0, 0, 0, 0, 0, 0], [0, 0, 0, 0, 0, 0, 1, 1, 0, 0, 0, 0, 0, 0], [0, 0, 0, 0, 0, 0, 0, 1, 1, 0, 0, 0, 0, 0], [0, 0, 0, 0, 0, 0, 1, 0, 1, 0, 0, 0, 0, 0], [0, 0, 0, 0, 1, 0, 0, 0, 0, 1, 0, 0, 0, 0], [0, 0, 0, 0, 0, 0, 0, 0, 0, 0, 1, 0, 0, 0], [0, 0, 0, 0, 0, 0, 0, 0, 0, 0, 1, 1, 0, 0], [0, 0, 0, 0, 0, 0, 0, 0, 0, 0, 0, 0, 1, 0], [0, 0, 0, 1, 0, 0, 0, 0, 0, 0, 0, 0, 0, 0], [0, 0, 0, 0, 0, 0, 0, 0, 0, 0, 0, 0, 0, 0]]	log-artigo10000.xes.gz	[[0.7894977312830854, 1.0, 0.9811879282733743, 0, 1.0, 0.8431817258358236, 0.9904483965273337, 0.7872340425531915, 0, 0, 0, 0], [0.9705118026542414, 1.0, 0.9976552778339369, 1, 1.0, 0.8280113609570482, 0.9471833600529491, 0.7692307692307694, 1, -1, -1, -1], [0.9696589175006965, 1.0, 0.9964044692352704, 2, 1.0, 0.8431817258358236, 0.9902422919467515, 0.7959183673469388, 2, 0, 0, 0], [0.9687041001910814, 1.0, 0.9930191142487014, 3, 1.0, 0.8431817258358236, 0.9902422919467515, 0.7959183673469388, 3, 1, 1, 1], [0.97113939470645, 1.0, 0.9977677818011972, 4, 1.0, 0.8431817258358236, 0.9904483965273337, 0.7872340425531915, 4, 2, 0, -1], [0.953526913348865, 1.0, 0.9835942955014783, 5, 1.0, 0.8431817258358236, 0.9904483965273337, 0.7872340425531915, 5, 3, 1, 0], [0.9316613087258513, 1.0, 0.992673232433415, 6, 1.0, 0.8431817258358236, 0.9902422919467515, 0.7959183673469388, 6, 4, -1, 0], [0.962914629559985, 1.0, 0.9928561642054791, 7, 1.0, 0.8277711496549548, 0.9471882792534144, 0.7692307692307694, 7, -1, -1, -1], [0.9545213319238002, 1.0, 0.9860536700911615, 8, 1.0, 0.8280113609570482, 0.9502772932446472, 0.7857142857142856, 8, 0, 0, 0], [0.961938641069076, 1.0, 0.9909585020237602, 9, 1.0, 0.8431817258358236, 0.9902422919467515, 0.7959183673469388, 9, 0, 0, 0], [0.961938641069076, 1.0, 0.991799307945833, 10, 1.0, 0.8431817258358236, 0.9904483965273337, 0.7872340425531915, 10, 1, 0, -1], [0.9657985952369866, 1.0, 0.9972638876189589, 11, 1.0, 0.8431817258358236, 0.9902422919467515, 0.7959183673469388, 11, 2, -1, 0], [0.9643955381163718, 1.0, 0.9958397091436137, 12, 1.0, 0.8431817258358236, 0.9902422919467515, 0.7959183673469388, 12, 3, 0, 1]]"
"0	3	25	6	0.2	0.2	0.30	0.70	0.40	0.40	0.20	0.30	0.2	11	2023-07-20 15:52:36.397988	2023-07-20 18:28:15.774041	2:35:39.376053	1.0	1.0	0.8431817258358236	0.9902422919467515	0.7959183673469388	ALIGNMENT_BASED-ETCONFORMANCE_TOKEN	['begin', 'A', 'B', 'C', 'D', 'E', 'F', 'G', 'H', 'I', 'J', 'K', 'end']	[[0, 1, 0, 0, 0, 0, 0, 0, 0, 0, 0, 0, 0, 0], [0, 0, 1, 1, 0, 0, 0, 0, 0, 0, 0, 0, 0, 0], [0, 0, 0, 0, 1, 0, 0, 0, 0, 0, 0, 0, 0, 0], [1, 0, 0, 0, 1, 0, 0, 0, 0, 0, 0, 0, 0, 0], [0, 0, 0, 0, 0, 1, 0, 0, 0, 0, 0, 0, 0, 0], [0, 0, 0, 0, 0, 0, 1, 1, 0, 0, 0, 0, 0, 0], [0, 0, 0, 0, 0, 0, 0, 1, 1, 0, 0, 0, 0, 0], [0, 0, 0, 0, 0, 0, 1, 0, 1, 0, 0, 0, 0, 0], [0, 0, 0, 0, 1, 0, 0, 0, 0, 1, 0, 0, 0, 0], [0, 0, 0, 0, 0, 0, 0, 0, 0, 0, 1, 0, 0, 0], [0, 0, 0, 0, 0, 0, 0, 0, 0, 0, 1, 1, 0, 0], [0, 0, 0, 0, 0, 0, 0, 0, 0, 0, 0, 0, 1, 0], [0, 0, 0, 0, 0, 0, 0, 0, 0, 0, 0, 0, 0, 0], [0, 0, 0, 0, 0, 0, 0, 0, 0, 0, 0, 0, 0, 0]]	log-artigo10000.xes.gz	[[0.9155769259575489, 1.0, 0.9954773350114663, 0, 1.0, 0.8431817258358236, 0.9904483965273337, 0.7872340425531915, 0, 0, 0, 0], [1.0, 1.0, 1.0, 1, 1.0, 0.8431817258358236, 0.9904483965273337, 0.7872340425531915, 1, 1, 1, 1], [1.0, 1.0, 1.0, 2, 1.0, 0.8431817258358236, 0.9904483965273337, 0.7872340425531915, 2, 2, 2, 2], [1.0, 1.0, 1.0, 3, 1.0, 0.8431817258358236, 0.9904483965273337, 0.7872340425531915, 3, 3, 3, 3], [1.0, 1.0, 1.0, 4, 1.0, 0.8431817258358236, 0.9904483965273337, 0.7872340425531915, 4, 4, 4, 4], [0.9592232504262491, 1.0, 0.9932489704254911, 5, 1.0, 0.8131454362160294, 0.9454280148670003, 0.7599999999999999, 5, -1, -1, -1], [1.0, 1.0, 1.0, 6, 1.0, 0.8431817258358236, 0.9904483965273337, 0.7872340425531915, 6, 0, 0, 0], [1.0, 1.0, 1.0, 7, 1.0, 0.8431817258358236, 0.990237149146265, 0.7959183673469388, 7, 1, -1, 0], [0.971942903374942, 1.0, 0.9988777161349977, 8, 1.0, 0.8431817258358236, 0.990237149146265, 0.7959183673469388, 8, 2, 0, 1], [0.9725147192028986, 1.0, 0.9989005887681159, 9, 1.0, 0.8431817258358236, 0.9902422919467515, 0.7959183673469388, 9, 3, 0, 2], [1.0, 1.0, 1.0, 10, 1.0, 0.8431817258358236, 0.9900491903031459, 0.8039215686274508, 10, 4, -1, 0], [0.9657985952369866, 1.0, 0.9986319438094795, 11, 1.0, 0.8431817258358236, 0.9902422919467515, 0.7959183673469388, 11, 5, 0, -1]]"
"0	2	25	5	0.2	0.2	0.20	0.60	0.50	0.40	0.40	0.20	0.2	12	2023-07-20 15:52:35.325080	2023-07-20 18:30:52.651949	2:38:17.326869	1.0	1.0	0.8431817258358236	0.9902422919467515	0.7959183673469388	ALIGNMENT_BASED-ETCONFORMANCE_TOKEN	['begin', 'A', 'B', 'C', 'D', 'E', 'F', 'G', 'H', 'I', 'J', 'K', 'end']	[[0, 1, 0, 0, 0, 0, 0, 0, 0, 0, 0, 0, 0, 0], [0, 0, 1, 1, 0, 0, 0, 0, 0, 0, 0, 0, 0, 0], [0, 0, 0, 0, 1, 0, 0, 0, 0, 0, 0, 0, 0, 0], [1, 0, 0, 0, 1, 0, 0, 0, 0, 0, 0, 0, 0, 0], [0, 0, 0, 0, 0, 1, 0, 0, 0, 0, 0, 0, 0, 0], [0, 0, 0, 0, 0, 0, 1, 1, 0, 0, 0, 0, 0, 0], [0, 0, 0, 0, 0, 0, 0, 1, 1, 0, 0, 0, 0, 0], [0, 0, 0, 0, 0, 0, 1, 0, 1, 0, 0, 0, 0, 0], [0, 0, 0, 0, 1, 0, 0, 0, 0, 1, 0, 0, 0, 0], [0, 0, 0, 0, 0, 0, 0, 0, 0, 0, 1, 0, 0, 0], [0, 0, 0, 0, 0, 0, 0, 0, 0, 0, 1, 1, 0, 0], [0, 0, 0, 0, 0, 0, 0, 0, 0, 0, 0, 0, 1, 0], [0, 0, 0, 0, 0, 0, 0, 0, 0, 0, 0, 0, 0, 0], [0, 0, 0, 0, 0, 0, 0, 0, 0, 0, 0, 0, 0, 0]]	log-artigo10000.xes.gz	[[0.8642635120402813, 1.0, 0.9844738257493845, 0, 1.0, 0.8431817258358236, 0.9904483965273337, 0.7872340425531915, 0, 0, 0, 0], [0.9640643567318955, 1.0, 0.9915493707646844, 1, 1.0, 0.8431817258358236, 0.9904483965273337, 0.7872340425531915, 1, 1, 1, 1], [0.9545213319238002, 1.0, 0.9925809775976786, 2, 1.0, 0.8431817258358236, 0.9904483965273337, 0.7872340425531915, 2, 2, 2, 2], [0.9705118026542414, 1.0, 0.9954264160670832, 3, 1.0, 0.8431817258358236, 0.9904483965273337, 0.7872340425531915, 3, 3, 3, 3], [0.9705523898690859, 1.0, 0.9988220955947633, 4, 1.0, 0.8431817258358236, 0.9454280148670003, 0.7599999999999999, 4, 4, -1, -1], [0.9684488553020034, 1.0, 0.9987379542120801, 5, 1.0, 0.7848758045882158, 0.9471882792534144, 0.7692307692307694, 5, -1, 0, 0], [0.9702817067757056, 1.0, 0.9988112682710282, 6, 1.0, 0.8431817258358236, 0.9902422919467515, 0.7959183673469388, 6, 0, 0, 0], [0.9693140338777775, 1.0, 0.9963695887543396, 7, 1.0, 0.8431817258358236, 0.9904483965273337, 0.7872340425531915, 7, 1, 0, -1], [0.9584477648993778, 1.0, 0.9925239956768006, 8, 1.0, 0.8431817258358236, 0.9902422919467515, 0.7959183673469388, 8, 2, -1, 0], [0.9680295475854575, 1.0, 0.9987211819034184, 9, 1.0, 0.8131454362160294, 0.9487971407071815, 0.7777777777777779, 9, -1, -1, -1], [0.961938641069076, 1.0, 0.9942832961514873, 10, 1.0, 0.8431817258358236, 0.9902422919467515, 0.7959183673469388, 10, 0, 0, 0], [1.0, 1.0, 1.0, 11, 1.0, 0.8277711496549548, 0.9489721009511889, 0.7777777777777779, 11, -1, -1, -1], [0.9420481908815769, 1.0, 0.9887080224462703, 12, 1.0, 0.8431817258358236, 0.9902422919467515, 0.7959183673469388, 12, 0, 0, 0]]"
"0	1	25	4	0.2	0.2	0.10	0.50	0.60	0.40	0.20	0.30	0.2	11	2023-07-20 15:52:34.222544	2023-07-20 18:32:35.632948	2:40:01.410404	1.0	1.0	0.8431817258358236	0.9900518549409607	0.8113207547169812	ALIGNMENT_BASED-ETCONFORMANCE_TOKEN	['begin', 'A', 'B', 'C', 'D', 'E', 'F', 'G', 'H', 'I', 'J', 'K', 'end']	[[0, 1, 0, 0, 0, 0, 0, 0, 0, 0, 0, 0, 0, 0], [0, 0, 1, 1, 0, 0, 0, 0, 0, 0, 0, 0, 0, 0], [0, 0, 0, 0, 1, 0, 0, 0, 0, 0, 0, 0, 0, 0], [1, 0, 0, 0, 1, 0, 0, 0, 0, 0, 0, 0, 0, 0], [0, 0, 0, 0, 0, 1, 0, 0, 0, 0, 0, 0, 0, 0], [0, 0, 0, 0, 0, 0, 1, 1, 0, 0, 0, 0, 0, 0], [0, 0, 0, 0, 0, 0, 0, 1, 1, 0, 0, 0, 0, 0], [0, 0, 0, 0, 0, 0, 1, 0, 1, 0, 0, 0, 0, 0], [0, 0, 0, 0, 1, 0, 0, 0, 0, 1, 0, 0, 0, 0], [0, 0, 0, 0, 0, 0, 0, 0, 0, 0, 1, 0, 0, 0], [0, 0, 0, 0, 0, 0, 0, 0, 0, 0, 1, 1, 0, 0], [0, 0, 0, 0, 0, 0, 0, 0, 0, 0, 0, 0, 1, 0], [0, 0, 0, 1, 0, 0, 0, 0, 0, 1, 0, 0, 0, 0], [0, 0, 0, 0, 0, 0, 0, 0, 0, 0, 0, 0, 0, 0]]	log-artigo10000.xes.gz	[[0.8567924964288717, 1.0, 0.98605138693732, 0, 1.0, 0.8431817258358236, 0.9904483965273337, 0.7872340425531915, 0, 0, 0, 0], [1.0, 1.0, 1.0, 1, 1.0, 0.8431817258358236, 0.9904483965273337, 0.7872340425531915, 1, 1, 1, 1], [1.0, 1.0, 1.0, 2, 1.0, 0.8431817258358236, 0.9902422919467515, 0.7959183673469388, 2, 2, -1, 0], [0.9714570702131821, 1.0, 0.9988582828085274, 3, 1.0, 0.8431817258358236, 0.9902422919467515, 0.7959183673469388, 3, 3, 0, 1], [0.9693140338777775, 1.0, 0.9964486845135875, 4, 1.0, 0.8431817258358236, 0.9904483965273337, 0.7872340425531915, 4, 4, 0, -1], [0.9713564493291079, 1.0, 0.9988542579731643, 5, 1.0, 0.7848758045882158, 0.9471882792534144, 0.7692307692307694, 5, -1, -1, -1], [1.0, 1.0, 1.0, 6, 1.0, 0.7848758045882158, 0.9471882792534144, 0.7692307692307694, 6, 0, 0, 0], [0.9713564493291079, 1.0, 0.9988542579731643, 7, 1.0, 0.8431817258358236, 0.9904483965273337, 0.7872340425531915, 7, 0, 0, 0], [1.0, 1.0, 1.0, 8, 1.0, 0.7715059214795588, 0.9138940199455022, 0.7627118644067797, 8, -1, -1, -1], [0.9699509133736348, 1.0, 0.9976992975927282, 9, 1.0, 0.7848758045882158, 0.9489721009511889, 0.7777777777777779, 9, 0, 0, 0], [1.0, 1.0, 1.0, 10, 1.0, 0.7848758045882158, 0.9489721009511889, 0.7777777777777779, 10, 1, 1, 1], [0.9643955381163718, 1.0, 0.9944716529530931, 11, 1.0, 0.8431817258358236, 0.9900518549409607, 0.8113207547169812, 11, 0, 0, 0]]"
"0	0	25	3	0.2	0.2	0.40	0.40	0.70	0.40	0.40	0.30	0.2	13	2023-07-20 15:52:33.091891	2023-07-20 18:41:30.885596	2:48:57.793705	1.0	1.0	0.8431817258358236	0.9902221009511889	0.8113207547169812	ALIGNMENT_BASED-ETCONFORMANCE_TOKEN	['begin', 'A', 'B', 'C', 'D', 'E', 'F', 'G', 'H', 'I', 'J', 'K', 'end']	[[0, 1, 0, 0, 0, 0, 0, 0, 0, 0, 0, 0, 0, 0], [0, 0, 1, 1, 0, 0, 0, 0, 0, 0, 0, 0, 0, 0], [0, 0, 0, 0, 1, 0, 0, 0, 0, 0, 0, 0, 0, 0], [0, 0, 0, 0, 1, 0, 0, 0, 0, 0, 0, 0, 0, 0], [0, 0, 0, 0, 0, 1, 0, 0, 0, 0, 0, 0, 0, 0], [0, 0, 0, 0, 0, 0, 1, 1, 0, 0, 0, 0, 0, 0], [0, 0, 0, 0, 0, 0, 0, 1, 1, 0, 0, 0, 0, 0], [0, 0, 0, 0, 0, 0, 1, 0, 1, 0, 0, 0, 0, 0], [0, 0, 0, 0, 1, 0, 0, 0, 0, 1, 0, 0, 0, 0], [0, 0, 0, 0, 0, 0, 0, 0, 0, 0, 1, 0, 0, 0], [0, 0, 0, 0, 0, 0, 0, 0, 0, 0, 1, 1, 0, 0], [0, 0, 0, 0, 0, 0, 0, 0, 0, 0, 0, 0, 1, 0], [0, 0, 0, 1, 0, 0, 0, 0, 0, 1, 0, 1, 0, 0], [0, 0, 0, 0, 0, 0, 0, 0, 0, 0, 0, 0, 0, 0]]	log-artigo10000.xes.gz	[[0.7894977312830854, 1.0, 0.9811879282733743, 0, 1.0, 0.8431817258358236, 0.9904483965273337, 0.7872340425531915, 0, 0, 0, 0], [0.9705118026542414, 1.0, 0.9976552778339369, 1, 1.0, 0.8280113609570482, 0.9471833600529491, 0.7692307692307694, 1, -1, -1, -1], [0.9696589175006965, 1.0, 0.9964044692352704, 2, 1.0, 0.8431817258358236, 0.9902422919467515, 0.7959183673469388, 2, 0, 0, 0], [0.9687041001910814, 1.0, 0.9930191142487014, 3, 1.0, 0.8431817258358236, 0.9902422919467515, 0.7959183673469388, 3, 1, 1, 1], [0.97113939470645, 1.0, 0.9977677818011972, 4, 1.0, 0.8431817258358236, 0.9904483965273337, 0.7872340425531915, 4, 2, 0, -1], [0.953526913348865, 1.0, 0.9835942955014783, 5, 1.0, 0.8431817258358236, 0.9904483965273337, 0.7872340425531915, 5, 3, 1, 0], [0.9316613087258513, 1.0, 0.992673232433415, 6, 1.0, 0.8431817258358236, 0.9902422919467515, 0.7959183673469388, 6, 4, -1, 0], [0.962914629559985, 1.0, 0.9928561642054791, 7, 1.0, 0.8277711496549548, 0.9471882792534144, 0.7692307692307694, 7, -1, -1, -1], [0.9545213319238002, 1.0, 0.9860536700911615, 8, 1.0, 0.8280113609570482, 0.9502772932446472, 0.7857142857142856, 8, 0, 0, 0], [0.961938641069076, 1.0, 0.9909585020237602, 9, 1.0, 0.8431817258358236, 0.9902422919467515, 0.7959183673469388, 9, 0, 0, 0], [0.961938641069076, 1.0, 0.991799307945833, 10, 1.0, 0.8431817258358236, 0.9904483965273337, 0.7872340425531915, 10, 1, 0, -1], [0.9657985952369866, 1.0, 0.9972638876189589, 11, 1.0, 0.8431817258358236, 0.9902422919467515, 0.7959183673469388, 11, 2, -1, 0], [0.9643955381163718, 1.0, 0.9958397091436137, 12, 1.0, 0.8431817258358236, 0.9902422919467515, 0.7959183673469388, 12, 3, 0, 1], [0.9608592290167075, 1.0, 0.9955254126801912, 13, 1.0, 0.8431817258358236, 0.9902221009511889, 0.8113207547169812, 13, 4, -1, 0]]"
