0	1	5	4	0.2	0.2	0.10	0.50	0.60	0.40	0.20	0.30	0.2	0	2025-07-26 23:12:15.647011	2025-07-26 23:12:19.476001	0:00:03.828990	0.8556425916966249	0.8687981657219286	0.9435760579489134	0.8486648072351648	0.7777777777777779	TOKEN_BASED-ETCONFORMANCE_TOKEN
0	0	5	3	0.2	0.2	0.40	0.40	0.70	0.40	0.40	0.30	0.2	0	2025-07-26 23:12:15.632103	2025-07-26 23:12:19.636161	0:00:04.004058	0.8452281969670384	0.885944440261989	0.9727322554124418	0.8505725131337025	0.7142857142857143	TOKEN_BASED-ETCONFORMANCE_TOKEN
0	3	5	6	0.2	0.2	0.30	0.70	0.40	0.40	0.20	0.30	0.2	0	2025-07-26 23:12:15.667081	2025-07-26 23:12:19.835878	0:00:04.168797	0.8384839043153895	0.7193229901269393	1.0	0.8847061002628157	0.8	TOKEN_BASED-ETCONFORMANCE_TOKEN
0	2	5	5	0.2	0.2	0.20	0.60	0.50	0.40	0.40	0.20	0.2	0	2025-07-26 23:12:15.657039	2025-07-26 23:12:19.917907	0:00:04.260868	0.8605152219497831	0.8933813536287034	1.0	0.8580753718819392	0.7333333333333333	TOKEN_BASED-ETCONFORMANCE_TOKEN
0	1	5	4	0.2	0.2	0.10	0.50	0.60	0.40	0.20	0.30	0.2	1	2025-07-26 23:12:15.647011	2025-07-26 23:12:23.149481	0:00:07.502470	0.8556425916966249	0.8687981657219286	0.9435760579489134	0.8486648072351648	0.7777777777777779	TOKEN_BASED-ETCONFORMANCE_TOKEN
0	0	5	3	0.2	0.2	0.40	0.40	0.70	0.40	0.40	0.30	0.2	1	2025-07-26 23:12:15.632103	2025-07-26 23:12:23.215411	0:00:07.583308	0.857043413436543	0.8702074972248314	0.9727322554124418	0.9174103058631967	0.7142857142857143	TOKEN_BASED-ETCONFORMANCE_TOKEN
0	3	5	6	0.2	0.2	0.30	0.70	0.40	0.40	0.20	0.30	0.2	1	2025-07-26 23:12:15.667081	2025-07-26 23:12:24.252638	0:00:08.585557	0.8384839043153895	0.7193229901269393	1.0	0.8847061002628157	0.8	TOKEN_BASED-ETCONFORMANCE_TOKEN
0	2	5	5	0.2	0.2	0.20	0.60	0.50	0.40	0.40	0.20	0.2	1	2025-07-26 23:12:15.657039	2025-07-26 23:12:24.772448	0:00:09.115409	0.8605152219497831	0.8933813536287034	1.0	0.8580753718819392	0.7333333333333333	TOKEN_BASED-ETCONFORMANCE_TOKEN
0	0	5	3	0.2	0.2	0.40	0.40	0.70	0.40	0.40	0.30	0.2	2	2025-07-26 23:12:15.632103	2025-07-26 23:12:27.793746	0:00:12.161643	0.857043413436543	0.8702074972248314	0.9727322554124418	0.9174103058631967	0.7142857142857143	TOKEN_BASED-ETCONFORMANCE_TOKEN
0	1	5	4	0.2	0.2	0.10	0.50	0.60	0.40	0.20	0.30	0.2	2	2025-07-26 23:12:15.647011	2025-07-26 23:12:27.881766	0:00:12.234755	0.8556425916966249	0.8687981657219286	0.9435760579489134	0.8486648072351648	0.7777777777777779	TOKEN_BASED-ETCONFORMANCE_TOKEN
0	3	5	6	0.2	0.2	0.30	0.70	0.40	0.40	0.20	0.30	0.2	2	2025-07-26 23:12:15.667081	2025-07-26 23:12:28.425846	0:00:12.758765	0.8424232718160043	0.8856927710843373	0.9727322554124418	0.839549421179289	0.7142857142857143	TOKEN_BASED-ETCONFORMANCE_TOKEN
0	2	5	5	0.2	0.2	0.20	0.60	0.50	0.40	0.40	0.20	0.2	2	2025-07-26 23:12:15.657039	2025-07-26 23:12:28.999343	0:00:13.342304	0.8605152219497831	0.8933813536287034	1.0	0.8580753718819392	0.7333333333333333	TOKEN_BASED-ETCONFORMANCE_TOKEN
0	0	5	3	0.2	0.2	0.40	0.40	0.70	0.40	0.40	0.30	0.2	3	2025-07-26 23:12:15.632103	2025-07-26 23:12:31.161969	0:00:15.529866	0.8689008173744054	0.8585123052815928	0.9804994388327721	0.9212429704284701	0.7499999999999999	TOKEN_BASED-ETCONFORMANCE_TOKEN
0	3	5	6	0.2	0.2	0.30	0.70	0.40	0.40	0.20	0.30	0.2	3	2025-07-26 23:12:15.667081	2025-07-26 23:12:31.993787	0:00:16.326706	0.8689008173744054	0.8585123052815928	0.9804994388327721	0.9212429704284701	0.7499999999999999	TOKEN_BASED-ETCONFORMANCE_TOKEN
0	1	5	4	0.2	0.2	0.10	0.50	0.60	0.40	0.20	0.30	0.2	3	2025-07-26 23:12:15.647011	2025-07-26 23:12:32.318187	0:00:16.671176	0.8556425916966249	0.8687981657219286	0.9435760579489134	0.8486648072351648	0.7777777777777779	TOKEN_BASED-ETCONFORMANCE_TOKEN
0	2	5	5	0.2	0.2	0.20	0.60	0.50	0.40	0.40	0.20	0.2	3	2025-07-26 23:12:15.657039	2025-07-26 23:12:32.572166	0:00:16.915127	0.8605152219497831	0.8933813536287034	1.0	0.8580753718819392	0.7333333333333333	TOKEN_BASED-ETCONFORMANCE_TOKEN
0	0	5	3	0.2	0.2	0.40	0.40	0.70	0.40	0.40	0.30	0.2	4	2025-07-26 23:12:15.632103	2025-07-26 23:12:34.567944	0:00:18.935841	0.8689008173744054	0.8585123052815928	0.9804994388327721	0.9212429704284701	0.7499999999999999	TOKEN_BASED-ETCONFORMANCE_TOKEN
0	3	5	6	0.2	0.2	0.30	0.70	0.40	0.40	0.20	0.30	0.2	4	2025-07-26 23:12:15.667081	2025-07-26 23:12:35.386417	0:00:19.719336	0.8841252652704206	0.8764506769825919	0.9804994388327721	0.9279213171426082	0.7777777777777779	TOKEN_BASED-ETCONFORMANCE_TOKEN
0	1	5	4	0.2	0.2	0.10	0.50	0.60	0.40	0.20	0.30	0.2	4	2025-07-26 23:12:15.647011	2025-07-26 23:12:36.420424	0:00:20.773413	0.8605152219497831	0.8933813536287034	1.0	0.8580753718819392	0.7333333333333333	TOKEN_BASED-ETCONFORMANCE_TOKEN
0	2	5	5	0.2	0.2	0.20	0.60	0.50	0.40	0.40	0.20	0.2	4	2025-07-26 23:12:15.657039	2025-07-26 23:12:36.543290	0:00:20.886251	0.8605152219497831	0.8933813536287034	1.0	0.8580753718819392	0.7333333333333333	TOKEN_BASED-ETCONFORMANCE_TOKEN
0	0	5	3	0.2	0.2	0.40	0.40	0.70	0.40	0.40	0.30	0.2	5	2025-07-26 23:12:15.632103	2025-07-26 23:12:37.901978	0:00:22.269875	0.8733106821895696	0.9892136141680635	0.9150722969083336	0.9288866330634838	0.7142857142857143	TOKEN_BASED-ETCONFORMANCE_TOKEN
0	3	5	6	0.2	0.2	0.30	0.70	0.40	0.40	0.20	0.30	0.2	5	2025-07-26 23:12:15.667081	2025-07-26 23:12:38.393084	0:00:22.726003	0.8841252652704206	0.8764506769825919	0.9804994388327721	0.9279213171426082	0.7777777777777779	TOKEN_BASED-ETCONFORMANCE_TOKEN
0	1	5	4	0.2	0.2	0.10	0.50	0.60	0.40	0.20	0.30	0.2	5	2025-07-26 23:12:15.647011	2025-07-26 23:12:41.515976	0:00:25.868965	0.8605152219497831	0.8933813536287034	1.0	0.8580753718819392	0.7333333333333333	TOKEN_BASED-ETCONFORMANCE_TOKEN
0	2	5	5	0.2	0.2	0.20	0.60	0.50	0.40	0.40	0.20	0.2	5	2025-07-26 23:12:15.657039	2025-07-26 23:12:42.026645	0:00:26.369606	0.88426927663593	0.8930830442766782	1.0	0.9191152901377655	0.7599999999999999	TOKEN_BASED-ETCONFORMANCE_TOKEN
0	3	5	6	0.2	0.2	0.30	0.70	0.40	0.40	0.20	0.30	0.2	6	2025-07-26 23:12:15.667081	2025-07-26 23:12:43.214680	0:00:27.547599	0.88426927663593	0.8930830442766782	1.0	0.9191152901377655	0.7599999999999999	TOKEN_BASED-ETCONFORMANCE_TOKEN
0	0	5	3	0.2	0.2	0.40	0.40	0.70	0.40	0.40	0.30	0.2	6	2025-07-26 23:12:15.632103	2025-07-26 23:12:43.993654	0:00:28.361551	0.88426927663593	0.8930830442766782	1.0	0.9191152901377655	0.7599999999999999	TOKEN_BASED-ETCONFORMANCE_TOKEN
0	2	5	5	0.2	0.2	0.20	0.60	0.50	0.40	0.40	0.20	0.2	6	2025-07-26 23:12:15.657039	2025-07-26 23:12:46.051598	0:00:30.394559	0.88426927663593	0.8930830442766782	1.0	0.9191152901377655	0.7599999999999999	TOKEN_BASED-ETCONFORMANCE_TOKEN
0	1	5	4	0.2	0.2	0.10	0.50	0.60	0.40	0.20	0.30	0.2	6	2025-07-26 23:12:15.647011	2025-07-26 23:12:46.493799	0:00:30.846788	0.88426927663593	0.8930830442766782	1.0	0.9191152901377655	0.7599999999999999	TOKEN_BASED-ETCONFORMANCE_TOKEN
0	3	5	6	0.2	0.2	0.30	0.70	0.40	0.40	0.20	0.30	0.2	7	2025-07-26 23:12:15.667081	2025-07-26 23:12:47.067890	0:00:31.400809	0.88426927663593	0.8930830442766782	1.0	0.9191152901377655	0.7599999999999999	TOKEN_BASED-ETCONFORMANCE_TOKEN
0	0	5	3	0.2	0.2	0.40	0.40	0.70	0.40	0.40	0.30	0.2	7	2025-07-26 23:12:15.632103	2025-07-26 23:12:48.297412	0:00:32.665309	0.88426927663593	0.8930830442766782	1.0	0.9191152901377655	0.7599999999999999	TOKEN_BASED-ETCONFORMANCE_TOKEN
0	2	5	5	0.2	0.2	0.20	0.60	0.50	0.40	0.40	0.20	0.2	7	2025-07-26 23:12:15.657039	2025-07-26 23:12:51.325918	0:00:35.668879	0.88426927663593	0.8930830442766782	1.0	0.9191152901377655	0.7599999999999999	TOKEN_BASED-ETCONFORMANCE_TOKEN
0	1	5	4	0.2	0.2	0.10	0.50	0.60	0.40	0.20	0.30	0.2	7	2025-07-26 23:12:15.647011	2025-07-26 23:12:52.399446	0:00:36.752435	0.88426927663593	0.8930830442766782	1.0	0.9191152901377655	0.7599999999999999	TOKEN_BASED-ETCONFORMANCE_TOKEN
0	3	5	6	0.2	0.2	0.30	0.70	0.40	0.40	0.20	0.30	0.2	8	2025-07-26 23:12:15.667081	2025-07-26 23:12:52.483450	0:00:36.816369	0.88426927663593	0.8930830442766782	1.0	0.9191152901377655	0.7599999999999999	TOKEN_BASED-ETCONFORMANCE_TOKEN
0	0	5	3	0.2	0.2	0.40	0.40	0.70	0.40	0.40	0.30	0.2	8	2025-07-26 23:12:15.632103	2025-07-26 23:12:54.895905	0:00:39.263802	0.88426927663593	0.8930830442766782	1.0	0.9191152901377655	0.7599999999999999	TOKEN_BASED-ETCONFORMANCE_TOKEN
0	2	5	5	0.2	0.2	0.20	0.60	0.50	0.40	0.40	0.20	0.2	8	2025-07-26 23:12:15.657039	2025-07-26 23:12:56.331672	0:00:40.674633	0.88426927663593	0.8930830442766782	1.0	0.9191152901377655	0.7599999999999999	TOKEN_BASED-ETCONFORMANCE_TOKEN
0	3	5	6	0.2	0.2	0.30	0.70	0.40	0.40	0.20	0.30	0.2	9	2025-07-26 23:12:15.667081	2025-07-26 23:12:57.210922	0:00:41.543841	0.88426927663593	0.8930830442766782	1.0	0.9191152901377655	0.7599999999999999	TOKEN_BASED-ETCONFORMANCE_TOKEN
0	1	5	4	0.2	0.2	0.10	0.50	0.60	0.40	0.20	0.30	0.2	8	2025-07-26 23:12:15.647011	2025-07-26 23:12:57.592031	0:00:41.945020	0.88426927663593	0.8930830442766782	1.0	0.9191152901377655	0.7599999999999999	TOKEN_BASED-ETCONFORMANCE_TOKEN
0	0	5	3	0.2	0.2	0.40	0.40	0.70	0.40	0.40	0.30	0.2	9	2025-07-26 23:12:15.632103	2025-07-26 23:12:59.494031	0:00:43.861928	0.88426927663593	0.8930830442766782	1.0	0.9191152901377655	0.7599999999999999	TOKEN_BASED-ETCONFORMANCE_TOKEN
0	2	5	5	0.2	0.2	0.20	0.60	0.50	0.40	0.40	0.20	0.2	9	2025-07-26 23:12:15.657039	2025-07-26 23:13:00.815137	0:00:45.158098	0.88426927663593	0.8930830442766782	1.0	0.9191152901377655	0.7599999999999999	TOKEN_BASED-ETCONFORMANCE_TOKEN
0	3	5	6	0.2	0.2	0.30	0.70	0.40	0.40	0.20	0.30	0.2	10	2025-07-26 23:12:15.667081	2025-07-26 23:13:01.938463	0:00:46.271382	0.88426927663593	0.8930830442766782	1.0	0.9191152901377655	0.7599999999999999	TOKEN_BASED-ETCONFORMANCE_TOKEN
0	1	5	4	0.2	0.2	0.10	0.50	0.60	0.40	0.20	0.30	0.2	9	2025-07-26 23:12:15.647011	2025-07-26 23:13:02.215769	0:00:46.568758	0.88426927663593	0.8930830442766782	1.0	0.9191152901377655	0.7599999999999999	TOKEN_BASED-ETCONFORMANCE_TOKEN
0	0	5	3	0.2	0.2	0.40	0.40	0.70	0.40	0.40	0.30	0.2	10	2025-07-26 23:12:15.632103	2025-07-26 23:13:04.303494	0:00:48.671391	0.88426927663593	0.8930830442766782	1.0	0.9191152901377655	0.7599999999999999	TOKEN_BASED-ETCONFORMANCE_TOKEN
0	2	5	5	0.2	0.2	0.20	0.60	0.50	0.40	0.40	0.20	0.2	10	2025-07-26 23:12:15.657039	2025-07-26 23:13:05.955331	0:00:50.298292	0.88426927663593	0.8930830442766782	1.0	0.9191152901377655	0.7599999999999999	TOKEN_BASED-ETCONFORMANCE_TOKEN
0	3	5	6	0.2	0.2	0.30	0.70	0.40	0.40	0.20	0.30	0.2	11	2025-07-26 23:12:15.667081	2025-07-26 23:13:09.368213	0:00:53.701132	0.88426927663593	0.8930830442766782	1.0	0.9191152901377655	0.7599999999999999	TOKEN_BASED-ETCONFORMANCE_TOKEN
0	1	5	4	0.2	0.2	0.10	0.50	0.60	0.40	0.20	0.30	0.2	10	2025-07-26 23:12:15.647011	2025-07-26 23:13:09.730713	0:00:54.083702	0.88426927663593	0.8930830442766782	1.0	0.9191152901377655	0.7599999999999999	TOKEN_BASED-ETCONFORMANCE_TOKEN
0	0	5	3	0.2	0.2	0.40	0.40	0.70	0.40	0.40	0.30	0.2	11	2025-07-26 23:12:15.632103	2025-07-26 23:13:11.821975	0:00:56.189872	0.88426927663593	0.8930830442766782	1.0	0.9191152901377655	0.7599999999999999	TOKEN_BASED-ETCONFORMANCE_TOKEN
0	2	5	5	0.2	0.2	0.20	0.60	0.50	0.40	0.40	0.20	0.2	11	2025-07-26 23:12:15.657039	2025-07-26 23:13:14.461662	0:00:58.804623	0.88426927663593	0.8930830442766782	1.0	0.9191152901377655	0.7599999999999999	TOKEN_BASED-ETCONFORMANCE_TOKEN
0	3	5	6	0.2	0.2	0.30	0.70	0.40	0.40	0.20	0.30	0.2	12	2025-07-26 23:12:15.667081	2025-07-26 23:13:14.667346	0:00:59.000265	0.88426927663593	0.8930830442766782	1.0	0.9191152901377655	0.7599999999999999	TOKEN_BASED-ETCONFORMANCE_TOKEN
0	1	5	4	0.2	0.2	0.10	0.50	0.60	0.40	0.20	0.30	0.2	11	2025-07-26 23:12:15.647011	2025-07-26 23:13:14.857822	0:00:59.210811	0.88426927663593	0.8930830442766782	1.0	0.9191152901377655	0.7599999999999999	TOKEN_BASED-ETCONFORMANCE_TOKEN
0	0	5	3	0.2	0.2	0.40	0.40	0.70	0.40	0.40	0.30	0.2	12	2025-07-26 23:12:15.632103	2025-07-26 23:13:17.271156	0:01:01.639053	0.88426927663593	0.8930830442766782	1.0	0.9191152901377655	0.7599999999999999	TOKEN_BASED-ETCONFORMANCE_TOKEN
0	3	5	6	0.2	0.2	0.30	0.70	0.40	0.40	0.20	0.30	0.2	13	2025-07-26 23:12:15.667081	2025-07-26 23:13:19.391325	0:01:03.724244	0.88426927663593	0.8930830442766782	1.0	0.9191152901377655	0.7599999999999999	TOKEN_BASED-ETCONFORMANCE_TOKEN
0	1	5	4	0.2	0.2	0.10	0.50	0.60	0.40	0.20	0.30	0.2	12	2025-07-26 23:12:15.647011	2025-07-26 23:13:19.517665	0:01:03.870654	0.88426927663593	0.8930830442766782	1.0	0.9191152901377655	0.7599999999999999	TOKEN_BASED-ETCONFORMANCE_TOKEN
0	2	5	5	0.2	0.2	0.20	0.60	0.50	0.40	0.40	0.20	0.2	12	2025-07-26 23:12:15.657039	2025-07-26 23:13:19.945323	0:01:04.288284	0.88426927663593	0.8930830442766782	1.0	0.9191152901377655	0.7599999999999999	TOKEN_BASED-ETCONFORMANCE_TOKEN
0	0	5	3	0.2	0.2	0.40	0.40	0.70	0.40	0.40	0.30	0.2	13	2025-07-26 23:12:15.632103	2025-07-26 23:13:21.976416	0:01:06.344313	0.88426927663593	0.8930830442766782	1.0	0.9191152901377655	0.7599999999999999	TOKEN_BASED-ETCONFORMANCE_TOKEN
0	3	5	6	0.2	0.2	0.30	0.70	0.40	0.40	0.20	0.30	0.2	14	2025-07-26 23:12:15.667081	2025-07-26 23:13:24.469817	0:01:08.802736	0.88426927663593	0.8930830442766782	1.0	0.9191152901377655	0.7599999999999999	TOKEN_BASED-ETCONFORMANCE_TOKEN
0	1	5	4	0.2	0.2	0.10	0.50	0.60	0.40	0.20	0.30	0.2	13	2025-07-26 23:12:15.647011	2025-07-26 23:13:24.628564	0:01:08.981553	0.88426927663593	0.8930830442766782	1.0	0.9191152901377655	0.7599999999999999	TOKEN_BASED-ETCONFORMANCE_TOKEN
0	2	5	5	0.2	0.2	0.20	0.60	0.50	0.40	0.40	0.20	0.2	13	2025-07-26 23:12:15.657039	2025-07-26 23:13:25.247830	0:01:09.590791	0.88426927663593	0.8930830442766782	1.0	0.9191152901377655	0.7599999999999999	TOKEN_BASED-ETCONFORMANCE_TOKEN
0	0	5	3	0.2	0.2	0.40	0.40	0.70	0.40	0.40	0.30	0.2	14	2025-07-26 23:12:15.632103	2025-07-26 23:13:27.132138	0:01:11.500035	0.88426927663593	0.8930830442766782	1.0	0.9191152901377655	0.7599999999999999	TOKEN_BASED-ETCONFORMANCE_TOKEN
0	3	5	6	0.2	0.2	0.30	0.70	0.40	0.40	0.20	0.30	0.2	15	2025-07-26 23:12:15.667081	2025-07-26 23:13:29.386572	0:01:13.719491	0.88426927663593	0.8930830442766782	1.0	0.9191152901377655	0.7599999999999999	TOKEN_BASED-ETCONFORMANCE_TOKEN
0	1	5	4	0.2	0.2	0.10	0.50	0.60	0.40	0.20	0.30	0.2	14	2025-07-26 23:12:15.647011	2025-07-26 23:13:29.883844	0:01:14.236833	0.88426927663593	0.8930830442766782	1.0	0.9191152901377655	0.7599999999999999	TOKEN_BASED-ETCONFORMANCE_TOKEN
0	2	5	5	0.2	0.2	0.20	0.60	0.50	0.40	0.40	0.20	0.2	14	2025-07-26 23:12:15.657039	2025-07-26 23:13:29.931748	0:01:14.274709	0.88426927663593	0.8930830442766782	1.0	0.9191152901377655	0.7599999999999999	TOKEN_BASED-ETCONFORMANCE_TOKEN
0	0	5	3	0.2	0.2	0.40	0.40	0.70	0.40	0.40	0.30	0.2	15	2025-07-26 23:12:15.632103	2025-07-26 23:13:31.977153	0:01:16.345050	0.88426927663593	0.8930830442766782	1.0	0.9191152901377655	0.7599999999999999	TOKEN_BASED-ETCONFORMANCE_TOKEN
0	3	5	6	0.2	0.2	0.30	0.70	0.40	0.40	0.20	0.30	0.2	16	2025-07-26 23:12:15.667081	2025-07-26 23:13:34.378711	0:01:18.711630	0.88426927663593	0.8930830442766782	1.0	0.9191152901377655	0.7599999999999999	TOKEN_BASED-ETCONFORMANCE_TOKEN
0	2	5	5	0.2	0.2	0.20	0.60	0.50	0.40	0.40	0.20	0.2	15	2025-07-26 23:12:15.657039	2025-07-26 23:13:34.759334	0:01:19.102295	0.88426927663593	0.8930830442766782	1.0	0.9191152901377655	0.7599999999999999	TOKEN_BASED-ETCONFORMANCE_TOKEN
0	1	5	4	0.2	0.2	0.10	0.50	0.60	0.40	0.20	0.30	0.2	15	2025-07-26 23:12:15.647011	2025-07-26 23:13:34.838656	0:01:19.191645	0.88426927663593	0.8930830442766782	1.0	0.9191152901377655	0.7599999999999999	ALIGNMENT_BASED-ETCONFORMANCE_TOKEN
0	0	5	3	0.2	0.2	0.40	0.40	0.70	0.40	0.40	0.30	0.2	16	2025-07-26 23:12:15.632103	2025-07-26 23:13:38.490553	0:01:22.858450	0.88426927663593	0.8930830442766782	1.0	0.9191152901377655	0.7599999999999999	ALIGNMENT_BASED-ETCONFORMANCE_TOKEN
0	3	5	6	0.2	0.2	0.30	0.70	0.40	0.40	0.20	0.30	0.2	17	2025-07-26 23:12:15.667081	2025-07-26 23:13:40.226360	0:01:24.559279	0.88426927663593	0.8930830442766782	1.0	0.9191152901377655	0.7599999999999999	ALIGNMENT_BASED-ETCONFORMANCE_TOKEN
0	1	5	4	0.2	0.2	0.10	0.50	0.60	0.40	0.20	0.30	0.2	16	2025-07-26 23:12:15.647011	2025-07-26 23:14:03.527968	0:01:47.880957	0.8226802183967948	0.6856997389097396	1.0	0.9191152901377655	0.7599999999999999	ALIGNMENT_BASED-ETCONFORMANCE_TOKEN
0	2	5	5	0.2	0.2	0.20	0.60	0.50	0.40	0.40	0.20	0.2	16	2025-07-26 23:12:15.657039	2025-07-26 23:14:03.705803	0:01:48.048764	0.8226802183967948	0.6856997389097396	1.0	0.9191152901377655	0.7599999999999999	ALIGNMENT_BASED-ETCONFORMANCE_TOKEN
0	3	5	6	0.2	0.2	0.30	0.70	0.40	0.40	0.20	0.30	0.2	18	2025-07-26 23:12:15.667081	2025-07-26 23:14:09.253392	0:01:53.586311	0.8226802183967948	0.6856997389097396	1.0	0.9191152901377655	0.7599999999999999	ALIGNMENT_BASED-ETCONFORMANCE_TOKEN
0	0	5	3	0.2	0.2	0.40	0.40	0.70	0.40	0.40	0.30	0.2	17	2025-07-26 23:12:15.632103	2025-07-26 23:14:09.613530	0:01:53.981427	0.8412267462497827	0.7618484564882266	0.9739626844890003	0.9092225787651742	0.7599999999999999	ALIGNMENT_BASED-ETCONFORMANCE_TOKEN
0	1	5	4	0.2	0.2	0.10	0.50	0.60	0.40	0.20	0.30	0.2	17	2025-07-26 23:12:15.647011	2025-07-26 23:14:18.954415	0:02:03.307404	0.8226802183967948	0.6856997389097396	1.0	0.9191152901377655	0.7599999999999999	ALIGNMENT_BASED-ETCONFORMANCE_TOKEN
0	2	5	5	0.2	0.2	0.20	0.60	0.50	0.40	0.40	0.20	0.2	17	2025-07-26 23:12:15.657039	2025-07-26 23:14:19.438802	0:02:03.781763	0.8226802183967948	0.6856997389097396	1.0	0.9191152901377655	0.7599999999999999	ALIGNMENT_BASED-ETCONFORMANCE_TOKEN
0	3	5	6	0.2	0.2	0.30	0.70	0.40	0.40	0.20	0.30	0.2	19	2025-07-26 23:12:15.667081	2025-07-26 23:14:25.195128	0:02:09.528047	0.8226802183967948	0.6856997389097396	1.0	0.9191152901377655	0.7599999999999999	ALIGNMENT_BASED-ETCONFORMANCE_TOKEN
0	0	5	3	0.2	0.2	0.40	0.40	0.70	0.40	0.40	0.30	0.2	18	2025-07-26 23:12:15.632103	2025-07-26 23:14:27.988760	0:02:12.356657	0.8412267462497827	0.7618484564882266	0.9739626844890003	0.9092225787651742	0.7599999999999999	ALIGNMENT_BASED-ETCONFORMANCE_TOKEN
0	1	5	4	0.2	0.2	0.10	0.50	0.60	0.40	0.20	0.30	0.2	18	2025-07-26 23:12:15.647011	2025-07-26 23:14:33.654070	0:02:18.007059	0.8226802183967948	0.6856997389097396	1.0	0.9191152901377655	0.7599999999999999	ALIGNMENT_BASED-ETCONFORMANCE_TOKEN
0	2	5	5	0.2	0.2	0.20	0.60	0.50	0.40	0.40	0.20	0.2	18	2025-07-26 23:12:15.657039	2025-07-26 23:14:34.850069	0:02:19.193030	0.8226802183967948	0.6856997389097396	1.0	0.9191152901377655	0.7599999999999999	ALIGNMENT_BASED-ETCONFORMANCE_TOKEN
0	3	5	6	0.2	0.2	0.30	0.70	0.40	0.40	0.20	0.30	0.2	20	2025-07-26 23:12:15.667081	2025-07-26 23:14:39.349394	0:02:23.682313	0.8412267462497827	0.7618484564882266	0.9739626844890003	0.9092225787651742	0.7599999999999999	ALIGNMENT_BASED-ETCONFORMANCE_TOKEN
0	0	5	3	0.2	0.2	0.40	0.40	0.70	0.40	0.40	0.30	0.2	19	2025-07-26 23:12:15.632103	2025-07-26 23:14:42.619100	0:02:26.986997	0.8454369303020658	0.8541849622688806	0.8644986449864499	0.919079249076693	0.7599999999999999	ALIGNMENT_BASED-ETCONFORMANCE_TOKEN
0	1	5	4	0.2	0.2	0.10	0.50	0.60	0.40	0.20	0.30	0.2	19	2025-07-26 23:12:15.647011	2025-07-26 23:14:48.091128	0:02:32.444117	0.8226802183967948	0.6856997389097396	1.0	0.9191152901377655	0.7599999999999999	ALIGNMENT_BASED-ETCONFORMANCE_TOKEN
0	2	5	5	0.2	0.2	0.20	0.60	0.50	0.40	0.40	0.20	0.2	19	2025-07-26 23:12:15.657039	2025-07-26 23:14:48.907117	0:02:33.250078	0.8226802183967948	0.6856997389097396	1.0	0.9191152901377655	0.7599999999999999	ALIGNMENT_BASED-ETCONFORMANCE_TOKEN
0	3	5	6	0.2	0.2	0.30	0.70	0.40	0.40	0.20	0.30	0.2	21	2025-07-26 23:12:15.667081	2025-07-26 23:14:52.802820	0:02:37.135739	0.8412267462497827	0.7618484564882266	0.9739626844890003	0.9092225787651742	0.7599999999999999	ALIGNMENT_BASED-ETCONFORMANCE_TOKEN
0	0	5	3	0.2	0.2	0.40	0.40	0.70	0.40	0.40	0.30	0.2	20	2025-07-26 23:12:15.632103	2025-07-26 23:14:59.335387	0:02:43.703284	0.8454369303020658	0.8541849622688806	0.8644986449864499	0.919079249076693	0.7599999999999999	ALIGNMENT_BASED-ETCONFORMANCE_TOKEN
0	1	5	4	0.2	0.2	0.10	0.50	0.60	0.40	0.20	0.30	0.2	20	2025-07-26 23:12:15.647011	2025-07-26 23:15:04.389192	0:02:48.742181	0.8412267462497827	0.7618484564882266	0.9739626844890003	0.9092225787651742	0.7599999999999999	ALIGNMENT_BASED-ETCONFORMANCE_TOKEN
0	2	5	5	0.2	0.2	0.20	0.60	0.50	0.40	0.40	0.20	0.2	20	2025-07-26 23:12:15.657039	2025-07-26 23:15:06.832019	0:02:51.174980	0.8412267462497827	0.7618484564882266	0.9739626844890003	0.9092225787651742	0.7599999999999999	ALIGNMENT_BASED-ETCONFORMANCE_TOKEN
0	3	5	6	0.2	0.2	0.30	0.70	0.40	0.40	0.20	0.30	0.2	22	2025-07-26 23:12:15.667081	2025-07-26 23:15:10.235500	0:02:54.568419	0.8412267462497827	0.7618484564882266	0.9739626844890003	0.9092225787651742	0.7599999999999999	ALIGNMENT_BASED-ETCONFORMANCE_TOKEN
0	0	5	3	0.2	0.2	0.40	0.40	0.70	0.40	0.40	0.30	0.2	21	2025-07-26 23:12:15.632103	2025-07-26 23:15:14.920681	0:02:59.288578	0.8454369303020658	0.8541849622688806	0.8644986449864499	0.919079249076693	0.7599999999999999	ALIGNMENT_BASED-ETCONFORMANCE_TOKEN
0	1	5	4	0.2	0.2	0.10	0.50	0.60	0.40	0.20	0.30	0.2	21	2025-07-26 23:12:15.647011	2025-07-26 23:15:17.607489	0:03:01.960478	0.8412267462497827	0.7618484564882266	0.9739626844890003	0.9092225787651742	0.7599999999999999	ALIGNMENT_BASED-ETCONFORMANCE_TOKEN
0	2	5	5	0.2	0.2	0.20	0.60	0.50	0.40	0.40	0.20	0.2	21	2025-07-26 23:12:15.657039	2025-07-26 23:15:19.414880	0:03:03.757841	0.8454369303020658	0.8541849622688806	0.8644986449864499	0.919079249076693	0.7599999999999999	ALIGNMENT_BASED-ETCONFORMANCE_TOKEN
0	3	5	6	0.2	0.2	0.30	0.70	0.40	0.40	0.20	0.30	0.2	23	2025-07-26 23:12:15.667081	2025-07-26 23:15:25.876431	0:03:10.209350	0.8412267462497827	0.7618484564882266	0.9739626844890003	0.9092225787651742	0.7599999999999999	ALIGNMENT_BASED-ETCONFORMANCE_TOKEN
0	0	5	3	0.2	0.2	0.40	0.40	0.70	0.40	0.40	0.30	0.2	22	2025-07-26 23:12:15.632103	2025-07-26 23:15:30.060792	0:03:14.428689	0.8454369303020658	0.8541849622688806	0.8644986449864499	0.919079249076693	0.7599999999999999	ALIGNMENT_BASED-ETCONFORMANCE_TOKEN
0	1	5	4	0.2	0.2	0.10	0.50	0.60	0.40	0.20	0.30	0.2	22	2025-07-26 23:12:15.647011	2025-07-26 23:15:30.106327	0:03:14.459316	0.8548340975835846	0.7618574415923913	0.9739626844890003	0.9174685426280051	0.8	ALIGNMENT_BASED-ETCONFORMANCE_TOKEN
0	2	5	5	0.2	0.2	0.20	0.60	0.50	0.40	0.40	0.20	0.2	22	2025-07-26 23:12:15.657039	2025-07-26 23:15:33.250742	0:03:17.593703	0.8454369303020658	0.8541849622688806	0.8644986449864499	0.919079249076693	0.7599999999999999	ALIGNMENT_BASED-ETCONFORMANCE_TOKEN
0	3	5	6	0.2	0.2	0.30	0.70	0.40	0.40	0.20	0.30	0.2	24	2025-07-26 23:12:15.667081	2025-07-26 23:15:42.474736	0:03:26.807655	0.8548340975835846	0.7618574415923913	0.9739626844890003	0.9174685426280051	0.8	ALIGNMENT_BASED-ETCONFORMANCE_TOKEN
0	1	5	4	0.2	0.2	0.10	0.50	0.60	0.40	0.20	0.30	0.2	23	2025-07-26 23:12:15.647011	2025-07-26 23:15:47.406537	0:03:31.759526	0.8548340975835846	0.7618574415923913	0.9739626844890003	0.9174685426280051	0.8	ALIGNMENT_BASED-ETCONFORMANCE_TOKEN
0	0	5	3	0.2	0.2	0.40	0.40	0.70	0.40	0.40	0.30	0.2	23	2025-07-26 23:12:15.632103	2025-07-26 23:15:48.653529	0:03:33.021426	0.8454369303020658	0.8541849622688806	0.8644986449864499	0.919079249076693	0.7599999999999999	ALIGNMENT_BASED-ETCONFORMANCE_TOKEN
0	2	5	5	0.2	0.2	0.20	0.60	0.50	0.40	0.40	0.20	0.2	23	2025-07-26 23:12:15.657039	2025-07-26 23:15:50.764368	0:03:35.107329	0.8454369303020658	0.8541849622688806	0.8644986449864499	0.919079249076693	0.7599999999999999	ALIGNMENT_BASED-ETCONFORMANCE_TOKEN
0	3	5	6	0.2	0.2	0.30	0.70	0.40	0.40	0.20	0.30	0.2	25	2025-07-26 23:12:15.667081	2025-07-26 23:15:57.666363	0:03:41.999282	0.8548340975835846	0.7618574415923913	0.9739626844890003	0.9174685426280051	0.8	ALIGNMENT_BASED-ETCONFORMANCE_TOKEN
0	1	5	4	0.2	0.2	0.10	0.50	0.60	0.40	0.20	0.30	0.2	24	2025-07-26 23:12:15.647011	2025-07-26 23:16:01.852653	0:03:46.205642	0.8699194906742199	0.7322776586789586	0.9884393063583815	0.9195442946453384	0.8823529411764706	ALIGNMENT_BASED-ETCONFORMANCE_TOKEN
0	0	5	3	0.2	0.2	0.40	0.40	0.70	0.40	0.40	0.30	0.2	24	2025-07-26 23:12:15.632103	2025-07-26 23:16:04.424451	0:03:48.792348	0.8548340975835846	0.7618574415923913	0.9739626844890003	0.9174685426280051	0.8	ALIGNMENT_BASED-ETCONFORMANCE_TOKEN
0	2	5	5	0.2	0.2	0.20	0.60	0.50	0.40	0.40	0.20	0.2	24	2025-07-26 23:12:15.657039	2025-07-26 23:16:06.907361	0:03:51.250322	0.8639300037039892	0.9937922118843967	0.8676075815504759	0.9335644319018909	0.7142857142857143	ALIGNMENT_BASED-ETCONFORMANCE_TOKEN
0	3	5	6	0.2	0.2	0.30	0.70	0.40	0.40	0.20	0.30	0.2	26	2025-07-26 23:12:15.667081	2025-07-26 23:16:12.358283	0:03:56.691202	0.8699194906742199	0.7322776586789586	0.9884393063583815	0.9195442946453384	0.8823529411764706	ALIGNMENT_BASED-ETCONFORMANCE_TOKEN
0	1	5	4	0.2	0.2	0.10	0.50	0.60	0.40	0.20	0.30	0.2	25	2025-07-26 23:12:15.647011	2025-07-26 23:16:17.157353	0:04:01.510342	0.8699194906742199	0.7322776586789586	0.9884393063583815	0.9195442946453384	0.8823529411764706	ALIGNMENT_BASED-ETCONFORMANCE_TOKEN
0	0	5	3	0.2	0.2	0.40	0.40	0.70	0.40	0.40	0.30	0.2	25	2025-07-26 23:12:15.632103	2025-07-26 23:16:20.345532	0:04:04.713429	0.8639300037039892	0.9937922118843967	0.8676075815504759	0.9335644319018909	0.7142857142857143	ALIGNMENT_BASED-ETCONFORMANCE_TOKEN
0	2	5	5	0.2	0.2	0.20	0.60	0.50	0.40	0.40	0.20	0.2	25	2025-07-26 23:12:15.657039	2025-07-26 23:16:25.508808	0:04:09.851769	0.8639300037039892	0.9937922118843967	0.8676075815504759	0.9335644319018909	0.7142857142857143	ALIGNMENT_BASED-ETCONFORMANCE_TOKEN
0	3	5	6	0.2	0.2	0.30	0.70	0.40	0.40	0.20	0.30	0.2	27	2025-07-26 23:12:15.667081	2025-07-26 23:16:26.583376	0:04:10.916295	0.8699194906742199	0.7322776586789586	0.9884393063583815	0.9195442946453384	0.8823529411764706	ALIGNMENT_BASED-ETCONFORMANCE_TOKEN
0	1	5	4	0.2	0.2	0.10	0.50	0.60	0.40	0.20	0.30	0.2	26	2025-07-26 23:12:15.647011	2025-07-26 23:16:31.878928	0:04:16.231917	0.8699194906742199	0.7322776586789586	0.9884393063583815	0.9195442946453384	0.8823529411764706	ALIGNMENT_BASED-ETCONFORMANCE_TOKEN
0	0	5	3	0.2	0.2	0.40	0.40	0.70	0.40	0.40	0.30	0.2	26	2025-07-26 23:12:15.632103	2025-07-26 23:16:33.282056	0:04:17.649953	0.8639300037039892	0.9937922118843967	0.8676075815504759	0.9335644319018909	0.7142857142857143	ALIGNMENT_BASED-ETCONFORMANCE_TOKEN
0	2	5	5	0.2	0.2	0.20	0.60	0.50	0.40	0.40	0.20	0.2	26	2025-07-26 23:12:15.657039	2025-07-26 23:16:38.615790	0:04:22.958751	0.8639300037039892	0.9937922118843967	0.8676075815504759	0.9335644319018909	0.7142857142857143	ALIGNMENT_BASED-ETCONFORMANCE_TOKEN
0	3	5	6	0.2	0.2	0.30	0.70	0.40	0.40	0.20	0.30	0.2	28	2025-07-26 23:12:15.667081	2025-07-26 23:16:40.125397	0:04:24.458316	0.8801443114951663	0.8296380719769887	0.9884169884169884	0.9279488287301505	0.8	ALIGNMENT_BASED-ETCONFORMANCE_TOKEN
0	1	5	4	0.2	0.2	0.10	0.50	0.60	0.40	0.20	0.30	0.2	27	2025-07-26 23:12:15.647011	2025-07-26 23:16:45.673289	0:04:30.026278	0.8699194906742199	0.7322776586789586	0.9884393063583815	0.9195442946453384	0.8823529411764706	ALIGNMENT_BASED-ETCONFORMANCE_TOKEN
0	0	5	3	0.2	0.2	0.40	0.40	0.70	0.40	0.40	0.30	0.2	27	2025-07-26 23:12:15.632103	2025-07-26 23:16:46.004618	0:04:30.372515	0.8801443114951663	0.8296380719769887	0.9884169884169884	0.9279488287301505	0.8	ALIGNMENT_BASED-ETCONFORMANCE_TOKEN
0	2	5	5	0.2	0.2	0.20	0.60	0.50	0.40	0.40	0.20	0.2	27	2025-07-26 23:12:15.657039	2025-07-26 23:16:51.684551	0:04:36.027512	0.8639300037039892	0.9937922118843967	0.8676075815504759	0.9335644319018909	0.7142857142857143	ALIGNMENT_BASED-ETCONFORMANCE_TOKEN
0	3	5	6	0.2	0.2	0.30	0.70	0.40	0.40	0.20	0.30	0.2	29	2025-07-26 23:12:15.667081	2025-07-26 23:16:54.402038	0:04:38.734957	0.8801443114951663	0.8296380719769887	0.9884169884169884	0.9279488287301505	0.8	ALIGNMENT_BASED-ETCONFORMANCE_TOKEN
0	1	5	4	0.2	0.2	0.10	0.50	0.60	0.40	0.20	0.30	0.2	28	2025-07-26 23:12:15.647011	2025-07-26 23:16:58.628834	0:04:42.981823	0.8941266457633491	0.7281709311548223	0.9899225938367168	0.9173005284907204	1.0	ALIGNMENT_BASED-ETCONFORMANCE_TOKEN
0	0	5	3	0.2	0.2	0.40	0.40	0.70	0.40	0.40	0.30	0.2	28	2025-07-26 23:12:15.632103	2025-07-26 23:16:58.678830	0:04:43.046727	0.8801443114951663	0.8296380719769887	0.9884169884169884	0.9279488287301505	0.8	ALIGNMENT_BASED-ETCONFORMANCE_TOKEN
0	2	5	5	0.2	0.2	0.20	0.60	0.50	0.40	0.40	0.20	0.2	28	2025-07-26 23:12:15.657039	2025-07-26 23:17:04.980838	0:04:49.323799	0.8639300037039892	0.9937922118843967	0.8676075815504759	0.9335644319018909	0.7142857142857143	ALIGNMENT_BASED-ETCONFORMANCE_TOKEN
0	3	5	6	0.2	0.2	0.30	0.70	0.40	0.40	0.20	0.30	0.2	30	2025-07-26 23:12:15.667081	2025-07-26 23:17:08.059992	0:04:52.392911	0.8941266457633491	0.7281709311548223	0.9899225938367168	0.9173005284907204	1.0	ALIGNMENT_BASED-ETCONFORMANCE_TOKEN
0	1	5	4	0.2	0.2	0.10	0.50	0.60	0.40	0.20	0.30	0.2	29	2025-07-26 23:12:15.647011	2025-07-26 23:17:11.597522	0:04:55.950511	0.8941266457633491	0.7281709311548223	0.9899225938367168	0.9173005284907204	1.0	ALIGNMENT_BASED-ETCONFORMANCE_TOKEN
0	0	5	3	0.2	0.2	0.40	0.40	0.70	0.40	0.40	0.30	0.2	29	2025-07-26 23:12:15.632103	2025-07-26 23:17:12.324189	0:04:56.692086	0.8801443114951663	0.8296380719769887	0.9884169884169884	0.9279488287301505	0.8	ALIGNMENT_BASED-ETCONFORMANCE_TOKEN
0	2	5	5	0.2	0.2	0.20	0.60	0.50	0.40	0.40	0.20	0.2	29	2025-07-26 23:12:15.657039	2025-07-26 23:17:17.437227	0:05:01.780188	0.8941266457633491	0.7281709311548223	0.9899225938367168	0.9173005284907204	1.0	ALIGNMENT_BASED-ETCONFORMANCE_TOKEN
0	3	5	6	0.2	0.2	0.30	0.70	0.40	0.40	0.20	0.30	0.2	31	2025-07-26 23:12:15.667081	2025-07-26 23:17:17.798342	0:05:02.131261	0.8941266457633491	0.7281709311548223	0.9899225938367168	0.9173005284907204	1.0	ALIGNMENT_BASED-ETCONFORMANCE_TOKEN
0	1	5	4	0.2	0.2	0.10	0.50	0.60	0.40	0.20	0.30	0.2	30	2025-07-26 23:12:15.647011	2025-07-26 23:17:20.889479	0:05:05.242468	0.8941266457633491	0.7281709311548223	0.9899225938367168	0.9173005284907204	1.0	ALIGNMENT_BASED-ETCONFORMANCE_TOKEN
0	0	5	3	0.2	0.2	0.40	0.40	0.70	0.40	0.40	0.30	0.2	30	2025-07-26 23:12:15.632103	2025-07-26 23:17:21.159971	0:05:05.527868	0.8941266457633491	0.7281709311548223	0.9899225938367168	0.9173005284907204	1.0	ALIGNMENT_BASED-ETCONFORMANCE_TOKEN
0	3	5	6	0.2	0.2	0.30	0.70	0.40	0.40	0.20	0.30	0.2	32	2025-07-26 23:12:15.667081	2025-07-26 23:17:25.439887	0:05:09.772806	0.8941266457633491	0.7281709311548223	0.9899225938367168	0.9173005284907204	1.0	ALIGNMENT_BASED-ETCONFORMANCE_TOKEN
0	2	5	5	0.2	0.2	0.20	0.60	0.50	0.40	0.40	0.20	0.2	30	2025-07-26 23:12:15.657039	2025-07-26 23:17:26.540095	0:05:10.883056	0.8941266457633491	0.7281709311548223	0.9899225938367168	0.9173005284907204	1.0	ALIGNMENT_BASED-ETCONFORMANCE_TOKEN
0	1	5	4	0.2	0.2	0.10	0.50	0.60	0.40	0.20	0.30	0.2	31	2025-07-26 23:12:15.647011	2025-07-26 23:17:28.502264	0:05:12.855253	0.8941266457633491	0.7281709311548223	0.9899225938367168	0.9173005284907204	1.0	ALIGNMENT_BASED-ETCONFORMANCE_TOKEN
0	0	5	3	0.2	0.2	0.40	0.40	0.70	0.40	0.40	0.30	0.2	31	2025-07-26 23:12:15.632103	2025-07-26 23:17:28.929296	0:05:13.297193	0.8941266457633491	0.7281709311548223	0.9899225938367168	0.9173005284907204	1.0	ALIGNMENT_BASED-ETCONFORMANCE_TOKEN
0	3	5	6	0.2	0.2	0.30	0.70	0.40	0.40	0.20	0.30	0.2	33	2025-07-26 23:12:15.667081	2025-07-26 23:17:33.915017	0:05:18.247936	0.8941266457633491	0.7281709311548223	0.9899225938367168	0.9173005284907204	1.0	ALIGNMENT_BASED-ETCONFORMANCE_TOKEN
0	2	5	5	0.2	0.2	0.20	0.60	0.50	0.40	0.40	0.20	0.2	31	2025-07-26 23:12:15.657039	2025-07-26 23:17:34.233899	0:05:18.576860	0.8941266457633491	0.7281709311548223	0.9899225938367168	0.9173005284907204	1.0	ALIGNMENT_BASED-ETCONFORMANCE_TOKEN
0	0	5	3	0.2	0.2	0.40	0.40	0.70	0.40	0.40	0.30	0.2	32	2025-07-26 23:12:15.632103	2025-07-26 23:17:37.041983	0:05:21.409880	0.8941266457633491	0.7281709311548223	0.9899225938367168	0.9173005284907204	1.0	ALIGNMENT_BASED-ETCONFORMANCE_TOKEN
0	1	5	4	0.2	0.2	0.10	0.50	0.60	0.40	0.20	0.30	0.2	32	2025-07-26 23:12:15.647011	2025-07-26 23:17:37.248822	0:05:21.601811	0.8941266457633491	0.7281709311548223	0.9899225938367168	0.9173005284907204	1.0	ALIGNMENT_BASED-ETCONFORMANCE_TOKEN
0	3	5	6	0.2	0.2	0.30	0.70	0.40	0.40	0.20	0.30	0.2	34	2025-07-26 23:12:15.667081	2025-07-26 23:17:41.509894	0:05:25.842813	0.8941266457633491	0.7281709311548223	0.9899225938367168	0.9173005284907204	1.0	ALIGNMENT_BASED-ETCONFORMANCE_TOKEN
0	2	5	5	0.2	0.2	0.20	0.60	0.50	0.40	0.40	0.20	0.2	32	2025-07-26 23:12:15.657039	2025-07-26 23:17:41.668667	0:05:26.011628	0.8941266457633491	0.7281709311548223	0.9899225938367168	0.9173005284907204	1.0	ALIGNMENT_BASED-ETCONFORMANCE_TOKEN
0	0	5	3	0.2	0.2	0.40	0.40	0.70	0.40	0.40	0.30	0.2	33	2025-07-26 23:12:15.632103	2025-07-26 23:17:45.169538	0:05:29.537435	0.8941266457633491	0.7281709311548223	0.9899225938367168	0.9173005284907204	1.0	ALIGNMENT_BASED-ETCONFORMANCE_TOKEN
0	1	5	4	0.2	0.2	0.10	0.50	0.60	0.40	0.20	0.30	0.2	33	2025-07-26 23:12:15.647011	2025-07-26 23:17:45.770500	0:05:30.123489	0.8941266457633491	0.7281709311548223	0.9899225938367168	0.9173005284907204	1.0	ALIGNMENT_BASED-ETCONFORMANCE_TOKEN
0	2	5	5	0.2	0.2	0.20	0.60	0.50	0.40	0.40	0.20	0.2	33	2025-07-26 23:12:15.657039	2025-07-26 23:17:51.006436	0:05:35.349397	0.8941266457633491	0.7281709311548223	0.9899225938367168	0.9173005284907204	1.0	ALIGNMENT_BASED-ETCONFORMANCE_TOKEN
0	3	5	6	0.2	0.2	0.30	0.70	0.40	0.40	0.20	0.30	0.2	35	2025-07-26 23:12:15.667081	2025-07-26 23:17:51.069515	0:05:35.402434	0.8941266457633491	0.7281709311548223	0.9899225938367168	0.9173005284907204	1.0	ALIGNMENT_BASED-ETCONFORMANCE_TOKEN
0	1	5	4	0.2	0.2	0.10	0.50	0.60	0.40	0.20	0.30	0.2	34	2025-07-26 23:12:15.647011	2025-07-26 23:17:54.720320	0:05:39.073309	0.8941266457633491	0.7281709311548223	0.9899225938367168	0.9173005284907204	1.0	ALIGNMENT_BASED-ETCONFORMANCE_TOKEN
0	0	5	3	0.2	0.2	0.40	0.40	0.70	0.40	0.40	0.30	0.2	34	2025-07-26 23:12:15.632103	2025-07-26 23:17:55.260517	0:05:39.628414	0.8941266457633491	0.7281709311548223	0.9899225938367168	0.9173005284907204	1.0	ALIGNMENT_BASED-ETCONFORMANCE_TOKEN
0	2	5	5	0.2	0.2	0.20	0.60	0.50	0.40	0.40	0.20	0.2	34	2025-07-26 23:12:15.657039	2025-07-26 23:17:58.446007	0:05:42.788968	0.8941266457633491	0.7281709311548223	0.9899225938367168	0.9173005284907204	1.0	ALIGNMENT_BASED-ETCONFORMANCE_TOKEN
0	3	5	6	0.2	0.2	0.30	0.70	0.40	0.40	0.20	0.30	0.2	36	2025-07-26 23:12:15.667081	2025-07-26 23:17:58.677637	0:05:43.010556	0.8941266457633491	0.7281709311548223	0.9899225938367168	0.9173005284907204	1.0	ALIGNMENT_BASED-ETCONFORMANCE_TOKEN
0	1	5	4	0.2	0.2	0.10	0.50	0.60	0.40	0.20	0.30	0.2	35	2025-07-26 23:12:15.647011	2025-07-26 23:18:02.929695	0:05:47.282684	0.8941266457633491	0.7281709311548223	0.9899225938367168	0.9173005284907204	1.0	ALIGNMENT_BASED-ETCONFORMANCE_TOKEN
0	0	5	3	0.2	0.2	0.40	0.40	0.70	0.40	0.40	0.30	0.2	35	2025-07-26 23:12:15.632103	2025-07-26 23:18:04.149716	0:05:48.517613	0.8941266457633491	0.7281709311548223	0.9899225938367168	0.9173005284907204	1.0	ALIGNMENT_BASED-ETCONFORMANCE_TOKEN
0	2	5	5	0.2	0.2	0.20	0.60	0.50	0.40	0.40	0.20	0.2	35	2025-07-26 23:12:15.657039	2025-07-26 23:18:07.030614	0:05:51.373575	0.8941266457633491	0.7281709311548223	0.9899225938367168	0.9173005284907204	1.0	ALIGNMENT_BASED-ETCONFORMANCE_TOKEN
0	3	5	6	0.2	0.2	0.30	0.70	0.40	0.40	0.20	0.30	0.2	37	2025-07-26 23:12:15.667081	2025-07-26 23:18:07.046369	0:05:51.379288	0.8941266457633491	0.7281709311548223	0.9899225938367168	0.9173005284907204	1.0	ALIGNMENT_BASED-ETCONFORMANCE_TOKEN
0	1	5	4	0.2	0.2	0.10	0.50	0.60	0.40	0.20	0.30	0.2	36	2025-07-26 23:12:15.647011	2025-07-26 23:18:11.876766	0:05:56.229755	0.8941266457633491	0.7281709311548223	0.9899225938367168	0.9173005284907204	1.0	ALIGNMENT_BASED-ETCONFORMANCE_TOKEN
0	0	5	3	0.2	0.2	0.40	0.40	0.70	0.40	0.40	0.30	0.2	36	2025-07-26 23:12:15.632103	2025-07-26 23:18:15.309560	0:05:59.677457	0.8941266457633491	0.7281709311548223	0.9899225938367168	0.9173005284907204	1.0	ALIGNMENT_BASED-ETCONFORMANCE_TOKEN
0	3	5	6	0.2	0.2	0.30	0.70	0.40	0.40	0.20	0.30	0.2	38	2025-07-26 23:12:15.667081	2025-07-26 23:18:16.585500	0:06:00.918419	0.8941266457633491	0.7281709311548223	0.9899225938367168	0.9173005284907204	1.0	ALIGNMENT_BASED-ETCONFORMANCE_TOKEN
0	2	5	5	0.2	0.2	0.20	0.60	0.50	0.40	0.40	0.20	0.2	36	2025-07-26 23:12:15.657039	2025-07-26 23:18:16.924239	0:06:01.267200	0.8941266457633491	0.7281709311548223	0.9899225938367168	0.9173005284907204	1.0	ALIGNMENT_BASED-ETCONFORMANCE_TOKEN
0	1	5	4	0.2	0.2	0.10	0.50	0.60	0.40	0.20	0.30	0.2	37	2025-07-26 23:12:15.647011	2025-07-26 23:18:20.221598	0:06:04.574587	0.8941266457633491	0.7281709311548223	0.9899225938367168	0.9173005284907204	1.0	ALIGNMENT_BASED-ETCONFORMANCE_TOKEN
0	0	5	3	0.2	0.2	0.40	0.40	0.70	0.40	0.40	0.30	0.2	37	2025-07-26 23:12:15.632103	2025-07-26 23:18:23.671536	0:06:08.039433	0.8941266457633491	0.7281709311548223	0.9899225938367168	0.9173005284907204	1.0	ALIGNMENT_BASED-ETCONFORMANCE_TOKEN
0	3	5	6	0.2	0.2	0.30	0.70	0.40	0.40	0.20	0.30	0.2	39	2025-07-26 23:12:15.667081	2025-07-26 23:18:24.063365	0:06:08.396284	0.8941266457633491	0.7281709311548223	0.9899225938367168	0.9173005284907204	1.0	ALIGNMENT_BASED-ETCONFORMANCE_TOKEN
0	2	5	5	0.2	0.2	0.20	0.60	0.50	0.40	0.40	0.20	0.2	37	2025-07-26 23:12:15.657039	2025-07-26 23:18:24.829326	0:06:09.172287	0.8941266457633491	0.7281709311548223	0.9899225938367168	0.9173005284907204	1.0	ALIGNMENT_BASED-ETCONFORMANCE_TOKEN
0	1	5	4	0.2	0.2	0.10	0.50	0.60	0.40	0.20	0.30	0.2	38	2025-07-26 23:12:15.647011	2025-07-26 23:18:27.396447	0:06:11.749436	0.8941266457633491	0.7281709311548223	0.9899225938367168	0.9173005284907204	1.0	ALIGNMENT_BASED-ETCONFORMANCE_TOKEN
0	3	5	6	0.2	0.2	0.30	0.70	0.40	0.40	0.20	0.30	0.2	40	2025-07-26 23:12:15.667081	2025-07-26 23:18:32.015514	0:06:16.348433	0.8941266457633491	0.7281709311548223	0.9899225938367168	0.9173005284907204	1.0	ALIGNMENT_BASED-ETCONFORMANCE_TOKEN
0	2	5	5	0.2	0.2	0.20	0.60	0.50	0.40	0.40	0.20	0.2	38	2025-07-26 23:12:15.657039	2025-07-26 23:18:32.506972	0:06:16.849933	0.8941266457633491	0.7281709311548223	0.9899225938367168	0.9173005284907204	1.0	ALIGNMENT_BASED-ETCONFORMANCE_TOKEN
0	0	5	3	0.2	0.2	0.40	0.40	0.70	0.40	0.40	0.30	0.2	38	2025-07-26 23:12:15.632103	2025-07-26 23:18:32.760718	0:06:17.128615	0.8941266457633491	0.7281709311548223	0.9899225938367168	0.9173005284907204	1.0	ALIGNMENT_BASED-ETCONFORMANCE_TOKEN
0	1	5	4	0.2	0.2	0.10	0.50	0.60	0.40	0.20	0.30	0.2	39	2025-07-26 23:12:15.647011	2025-07-26 23:18:35.555286	0:06:19.908275	0.8941266457633491	0.7281709311548223	0.9899225938367168	0.9173005284907204	1.0	ALIGNMENT_BASED-ETCONFORMANCE_TOKEN
0	3	5	6	0.2	0.2	0.30	0.70	0.40	0.40	0.20	0.30	0.2	41	2025-07-26 23:12:15.667081	2025-07-26 23:18:39.854325	0:06:24.187244	0.8941266457633491	0.7281709311548223	0.9899225938367168	0.9173005284907204	1.0	ALIGNMENT_BASED-ETCONFORMANCE_TOKEN
0	2	5	5	0.2	0.2	0.20	0.60	0.50	0.40	0.40	0.20	0.2	39	2025-07-26 23:12:15.657039	2025-07-26 23:18:40.044303	0:06:24.387264	0.8941266457633491	0.7281709311548223	0.9899225938367168	0.9173005284907204	1.0	ALIGNMENT_BASED-ETCONFORMANCE_TOKEN
0	0	5	3	0.2	0.2	0.40	0.40	0.70	0.40	0.40	0.30	0.2	39	2025-07-26 23:12:15.632103	2025-07-26 23:18:41.042479	0:06:25.410376	0.8941266457633491	0.7281709311548223	0.9899225938367168	0.9173005284907204	1.0	ALIGNMENT_BASED-ETCONFORMANCE_TOKEN
0	1	5	4	0.2	0.2	0.10	0.50	0.60	0.40	0.20	0.30	0.2	40	2025-07-26 23:12:15.647011	2025-07-26 23:18:43.281929	0:06:27.634918	0.8941266457633491	0.7281709311548223	0.9899225938367168	0.9173005284907204	1.0	ALIGNMENT_BASED-ETCONFORMANCE_TOKEN
0	3	5	6	0.2	0.2	0.30	0.70	0.40	0.40	0.20	0.30	0.2	42	2025-07-26 23:12:15.667081	2025-07-26 23:18:47.688292	0:06:32.021211	0.8941266457633491	0.7281709311548223	0.9899225938367168	0.9173005284907204	1.0	ALIGNMENT_BASED-ETCONFORMANCE_TOKEN
0	2	5	5	0.2	0.2	0.20	0.60	0.50	0.40	0.40	0.20	0.2	40	2025-07-26 23:12:15.657039	2025-07-26 23:18:47.910126	0:06:32.253087	0.8941266457633491	0.7281709311548223	0.9899225938367168	0.9173005284907204	1.0	ALIGNMENT_BASED-ETCONFORMANCE_TOKEN
0	0	5	3	0.2	0.2	0.40	0.40	0.70	0.40	0.40	0.30	0.2	40	2025-07-26 23:12:15.632103	2025-07-26 23:18:49.370526	0:06:33.738423	0.8941266457633491	0.7281709311548223	0.9899225938367168	0.9173005284907204	1.0	ALIGNMENT_BASED-ETCONFORMANCE_TOKEN
0	1	5	4	0.2	0.2	0.10	0.50	0.60	0.40	0.20	0.30	0.2	41	2025-07-26 23:12:15.647011	2025-07-26 23:18:50.994150	0:06:35.347139	0.8941266457633491	0.7281709311548223	0.9899225938367168	0.9173005284907204	1.0	ALIGNMENT_BASED-ETCONFORMANCE_TOKEN
0	3	5	6	0.2	0.2	0.30	0.70	0.40	0.40	0.20	0.30	0.2	43	2025-07-26 23:12:15.667081	2025-07-26 23:18:56.039980	0:06:40.372899	0.8941266457633491	0.7281709311548223	0.9899225938367168	0.9173005284907204	1.0	ALIGNMENT_BASED-ETCONFORMANCE_TOKEN
0	2	5	5	0.2	0.2	0.20	0.60	0.50	0.40	0.40	0.20	0.2	41	2025-07-26 23:12:15.657039	2025-07-26 23:18:56.428596	0:06:40.771557	0.8941266457633491	0.7281709311548223	0.9899225938367168	0.9173005284907204	1.0	ALIGNMENT_BASED-ETCONFORMANCE_TOKEN
0	0	5	3	0.2	0.2	0.40	0.40	0.70	0.40	0.40	0.30	0.2	41	2025-07-26 23:12:15.632103	2025-07-26 23:18:58.160851	0:06:42.528748	0.8941266457633491	0.7281709311548223	0.9899225938367168	0.9173005284907204	1.0	ALIGNMENT_BASED-ETCONFORMANCE_TOKEN
0	1	5	4	0.2	0.2	0.10	0.50	0.60	0.40	0.20	0.30	0.2	42	2025-07-26 23:12:15.647011	2025-07-26 23:18:59.892845	0:06:44.245834	0.8941266457633491	0.7281709311548223	0.9899225938367168	0.9173005284907204	1.0	ALIGNMENT_BASED-ETCONFORMANCE_TOKEN
0	3	5	6	0.2	0.2	0.30	0.70	0.40	0.40	0.20	0.30	0.2	44	2025-07-26 23:12:15.667081	2025-07-26 23:19:04.662619	0:06:48.995538	0.8941266457633491	0.7281709311548223	0.9899225938367168	0.9173005284907204	1.0	ALIGNMENT_BASED-ETCONFORMANCE_TOKEN
0	2	5	5	0.2	0.2	0.20	0.60	0.50	0.40	0.40	0.20	0.2	42	2025-07-26 23:12:15.657039	2025-07-26 23:19:05.201731	0:06:49.544692	0.8941266457633491	0.7281709311548223	0.9899225938367168	0.9173005284907204	1.0	ALIGNMENT_BASED-ETCONFORMANCE_TOKEN
0	0	5	3	0.2	0.2	0.40	0.40	0.70	0.40	0.40	0.30	0.2	42	2025-07-26 23:12:15.632103	2025-07-26 23:19:07.978670	0:06:52.346567	0.8941266457633491	0.7281709311548223	0.9899225938367168	0.9173005284907204	1.0	ALIGNMENT_BASED-ETCONFORMANCE_TOKEN
0	1	5	4	0.2	0.2	0.10	0.50	0.60	0.40	0.20	0.30	0.2	43	2025-07-26 23:12:15.647011	2025-07-26 23:19:09.246599	0:06:53.599588	0.8941266457633491	0.7281709311548223	0.9899225938367168	0.9173005284907204	1.0	ALIGNMENT_BASED-ETCONFORMANCE_TOKEN
0	2	5	5	0.2	0.2	0.20	0.60	0.50	0.40	0.40	0.20	0.2	43	2025-07-26 23:12:15.657039	2025-07-26 23:19:13.307248	0:06:57.650209	0.8941266457633491	0.7281709311548223	0.9899225938367168	0.9173005284907204	1.0	ALIGNMENT_BASED-ETCONFORMANCE_TOKEN
0	3	5	6	0.2	0.2	0.30	0.70	0.40	0.40	0.20	0.30	0.2	45	2025-07-26 23:12:15.667081	2025-07-26 23:19:13.671738	0:06:58.004657	0.8941266457633491	0.7281709311548223	0.9899225938367168	0.9173005284907204	1.0	ALIGNMENT_BASED-ETCONFORMANCE_TOKEN
0	0	5	3	0.2	0.2	0.40	0.40	0.70	0.40	0.40	0.30	0.2	43	2025-07-26 23:12:15.632103	2025-07-26 23:19:16.676969	0:07:01.044866	0.8941266457633491	0.7281709311548223	0.9899225938367168	0.9173005284907204	1.0	ALIGNMENT_BASED-ETCONFORMANCE_TOKEN
0	1	5	4	0.2	0.2	0.10	0.50	0.60	0.40	0.20	0.30	0.2	44	2025-07-26 23:12:15.647011	2025-07-26 23:19:18.379582	0:07:02.732571	0.8941266457633491	0.7281709311548223	0.9899225938367168	0.9173005284907204	1.0	ALIGNMENT_BASED-ETCONFORMANCE_TOKEN
0	2	5	5	0.2	0.2	0.20	0.60	0.50	0.40	0.40	0.20	0.2	44	2025-07-26 23:12:15.657039	2025-07-26 23:19:21.419591	0:07:05.762552	0.8941266457633491	0.7281709311548223	0.9899225938367168	0.9173005284907204	1.0	ALIGNMENT_BASED-ETCONFORMANCE_TOKEN
0	3	5	6	0.2	0.2	0.30	0.70	0.40	0.40	0.20	0.30	0.2	46	2025-07-26 23:12:15.667081	2025-07-26 23:19:21.530641	0:07:05.863560	0.8941266457633491	0.7281709311548223	0.9899225938367168	0.9173005284907204	1.0	ALIGNMENT_BASED-ETCONFORMANCE_TOKEN
0	0	5	3	0.2	0.2	0.40	0.40	0.70	0.40	0.40	0.30	0.2	44	2025-07-26 23:12:15.632103	2025-07-26 23:19:24.249853	0:07:08.617750	0.8941266457633491	0.7281709311548223	0.9899225938367168	0.9173005284907204	1.0	ALIGNMENT_BASED-ETCONFORMANCE_TOKEN
0	1	5	4	0.2	0.2	0.10	0.50	0.60	0.40	0.20	0.30	0.2	45	2025-07-26 23:12:15.647011	2025-07-26 23:19:26.171994	0:07:10.524983	0.8941266457633491	0.7281709311548223	0.9899225938367168	0.9173005284907204	1.0	ALIGNMENT_BASED-ETCONFORMANCE_TOKEN
0	3	5	6	0.2	0.2	0.30	0.70	0.40	0.40	0.20	0.30	0.2	47	2025-07-26 23:12:15.667081	2025-07-26 23:19:29.899412	0:07:14.232331	0.8941266457633491	0.7281709311548223	0.9899225938367168	0.9173005284907204	1.0	ALIGNMENT_BASED-ETCONFORMANCE_TOKEN
0	2	5	5	0.2	0.2	0.20	0.60	0.50	0.40	0.40	0.20	0.2	45	2025-07-26 23:12:15.657039	2025-07-26 23:19:31.074754	0:07:15.417715	0.8941266457633491	0.7281709311548223	0.9899225938367168	0.9173005284907204	1.0	ALIGNMENT_BASED-ETCONFORMANCE_TOKEN
0	0	5	3	0.2	0.2	0.40	0.40	0.70	0.40	0.40	0.30	0.2	45	2025-07-26 23:12:15.632103	2025-07-26 23:19:34.336008	0:07:18.703905	0.8941266457633491	0.7281709311548223	0.9899225938367168	0.9173005284907204	1.0	ALIGNMENT_BASED-ETCONFORMANCE_TOKEN
0	1	5	4	0.2	0.2	0.10	0.50	0.60	0.40	0.20	0.30	0.2	46	2025-07-26 23:12:15.647011	2025-07-26 23:19:38.005890	0:07:22.358879	0.8941266457633491	0.7281709311548223	0.9899225938367168	0.9173005284907204	1.0	ALIGNMENT_BASED-ETCONFORMANCE_TOKEN
0	3	5	6	0.2	0.2	0.30	0.70	0.40	0.40	0.20	0.30	0.2	48	2025-07-26 23:12:15.667081	2025-07-26 23:19:40.769531	0:07:25.102450	0.8941266457633491	0.7281709311548223	0.9899225938367168	0.9173005284907204	1.0	ALIGNMENT_BASED-ETCONFORMANCE_TOKEN
0	2	5	5	0.2	0.2	0.20	0.60	0.50	0.40	0.40	0.20	0.2	46	2025-07-26 23:12:15.657039	2025-07-26 23:19:42.161056	0:07:26.504017	0.8941266457633491	0.7281709311548223	0.9899225938367168	0.9173005284907204	1.0	ALIGNMENT_BASED-ETCONFORMANCE_TOKEN
0	0	5	3	0.2	0.2	0.40	0.40	0.70	0.40	0.40	0.30	0.2	46	2025-07-26 23:12:15.632103	2025-07-26 23:19:44.988949	0:07:29.356846	0.8941266457633491	0.7281709311548223	0.9899225938367168	0.9173005284907204	1.0	ALIGNMENT_BASED-ETCONFORMANCE_TOKEN
0	1	5	4	0.2	0.2	0.10	0.50	0.60	0.40	0.20	0.30	0.2	47	2025-07-26 23:12:15.647011	2025-07-26 23:19:46.082857	0:07:30.435846	0.8941266457633491	0.7281709311548223	0.9899225938367168	0.9173005284907204	1.0	ALIGNMENT_BASED-ETCONFORMANCE_TOKEN
0	3	5	6	0.2	0.2	0.30	0.70	0.40	0.40	0.20	0.30	0.2	49	2025-07-26 23:12:15.667081	2025-07-26 23:19:48.614773	0:07:32.947692	0.8941266457633491	0.7281709311548223	0.9899225938367168	0.9173005284907204	1.0	ALIGNMENT_BASED-ETCONFORMANCE_TOKEN
0	2	5	5	0.2	0.2	0.20	0.60	0.50	0.40	0.40	0.20	0.2	47	2025-07-26 23:12:15.657039	2025-07-26 23:19:50.151671	0:07:34.494632	0.8941266457633491	0.7281709311548223	0.9899225938367168	0.9173005284907204	1.0	ALIGNMENT_BASED-ETCONFORMANCE_TOKEN
0	0	5	3	0.2	0.2	0.40	0.40	0.70	0.40	0.40	0.30	0.2	47	2025-07-26 23:12:15.632103	2025-07-26 23:19:53.061089	0:07:37.428986	0.8941266457633491	0.7281709311548223	0.9899225938367168	0.9173005284907204	1.0	ALIGNMENT_BASED-ETCONFORMANCE_TOKEN
0	1	5	4	0.2	0.2	0.10	0.50	0.60	0.40	0.20	0.30	0.2	48	2025-07-26 23:12:15.647011	2025-07-26 23:19:53.655495	0:07:38.008484	0.8941266457633491	0.7281709311548223	0.9899225938367168	0.9173005284907204	1.0	ALIGNMENT_BASED-ETCONFORMANCE_TOKEN
0	3	5	6	0.2	0.2	0.30	0.70	0.40	0.40	0.20	0.30	0.2	50	2025-07-26 23:12:15.667081	2025-07-26 23:19:55.819034	0:07:40.151953	0.8941266457633491	0.7281709311548223	0.9899225938367168	0.9173005284907204	1.0	ALIGNMENT_BASED-ETCONFORMANCE_TOKEN
0	2	5	5	0.2	0.2	0.20	0.60	0.50	0.40	0.40	0.20	0.2	48	2025-07-26 23:12:15.657039	2025-07-26 23:19:57.888028	0:07:42.230989	0.8941266457633491	0.7281709311548223	0.9899225938367168	0.9173005284907204	1.0	ALIGNMENT_BASED-ETCONFORMANCE_TOKEN
0	1	5	4	0.2	0.2	0.10	0.50	0.60	0.40	0.20	0.30	0.2	49	2025-07-26 23:12:15.647011	2025-07-26 23:20:01.034449	0:07:45.387438	0.8941266457633491	0.7281709311548223	0.9899225938367168	0.9173005284907204	1.0	ALIGNMENT_BASED-ETCONFORMANCE_TOKEN
0	0	5	3	0.2	0.2	0.40	0.40	0.70	0.40	0.40	0.30	0.2	48	2025-07-26 23:12:15.632103	2025-07-26 23:20:01.541532	0:07:45.909429	0.8941266457633491	0.7281709311548223	0.9899225938367168	0.9173005284907204	1.0	ALIGNMENT_BASED-ETCONFORMANCE_TOKEN
0	3	5	6	0.2	0.2	0.30	0.70	0.40	0.40	0.20	0.30	0.2	51	2025-07-26 23:12:15.667081	2025-07-26 23:20:03.992189	0:07:48.325108	0.8941266457633491	0.7281709311548223	0.9899225938367168	0.9173005284907204	1.0	ALIGNMENT_BASED-ETCONFORMANCE_TOKEN
0	2	5	5	0.2	0.2	0.20	0.60	0.50	0.40	0.40	0.20	0.2	49	2025-07-26 23:12:15.657039	2025-07-26 23:20:05.837219	0:07:50.180180	0.8941266457633491	0.7281709311548223	0.9899225938367168	0.9173005284907204	1.0	ALIGNMENT_BASED-ETCONFORMANCE_TOKEN
0	1	5	4	0.2	0.2	0.10	0.50	0.60	0.40	0.20	0.30	0.2	50	2025-07-26 23:12:15.647011	2025-07-26 23:20:09.639183	0:07:53.992172	0.8941266457633491	0.7281709311548223	0.9899225938367168	0.9173005284907204	1.0	ALIGNMENT_BASED-ETCONFORMANCE_TOKEN
0	0	5	3	0.2	0.2	0.40	0.40	0.70	0.40	0.40	0.30	0.2	49	2025-07-26 23:12:15.632103	2025-07-26 23:20:10.290611	0:07:54.658508	0.8941266457633491	0.7281709311548223	0.9899225938367168	0.9173005284907204	1.0	ALIGNMENT_BASED-ETCONFORMANCE_TOKEN
0	3	5	6	0.2	0.2	0.30	0.70	0.40	0.40	0.20	0.30	0.2	52	2025-07-26 23:12:15.667081	2025-07-26 23:20:13.238539	0:07:57.571458	0.8941266457633491	0.7281709311548223	0.9899225938367168	0.9173005284907204	1.0	ALIGNMENT_BASED-ETCONFORMANCE_TOKEN
0	2	5	5	0.2	0.2	0.20	0.60	0.50	0.40	0.40	0.20	0.2	50	2025-07-26 23:12:15.657039	2025-07-26 23:20:14.572943	0:07:58.915904	0.8941266457633491	0.7281709311548223	0.9899225938367168	0.9173005284907204	1.0	ALIGNMENT_BASED-ETCONFORMANCE_TOKEN
0	1	5	4	0.2	0.2	0.10	0.50	0.60	0.40	0.20	0.30	0.2	51	2025-07-26 23:12:15.647011	2025-07-26 23:20:17.748834	0:08:02.101823	0.8941266457633491	0.7281709311548223	0.9899225938367168	0.9173005284907204	1.0	ALIGNMENT_BASED-ETCONFORMANCE_TOKEN
0	0	5	3	0.2	0.2	0.40	0.40	0.70	0.40	0.40	0.30	0.2	50	2025-07-26 23:12:15.632103	2025-07-26 23:20:19.262993	0:08:03.630890	0.8941266457633491	0.7281709311548223	0.9899225938367168	0.9173005284907204	1.0	ALIGNMENT_BASED-ETCONFORMANCE_TOKEN
0	3	5	6	0.2	0.2	0.30	0.70	0.40	0.40	0.20	0.30	0.2	53	2025-07-26 23:12:15.667081	2025-07-26 23:20:20.000195	0:08:04.333114	0.8941266457633491	0.7281709311548223	0.9899225938367168	0.9173005284907204	1.0	ALIGNMENT_BASED-ETCONFORMANCE_TOKEN
0	2	5	5	0.2	0.2	0.20	0.60	0.50	0.40	0.40	0.20	0.2	51	2025-07-26 23:12:15.657039	2025-07-26 23:20:20.869594	0:08:05.212555	0.8941266457633491	0.7281709311548223	0.9899225938367168	0.9173005284907204	1.0	ALIGNMENT_BASED-ETCONFORMANCE_TOKEN
0	1	5	4	0.2	0.2	0.10	0.50	0.60	0.40	0.20	0.30	0.2	52	2025-07-26 23:12:15.647011	2025-07-26 23:20:24.256253	0:08:08.609242	0.8941266457633491	0.7281709311548223	0.9899225938367168	0.9173005284907204	1.0	ALIGNMENT_BASED-ETCONFORMANCE_TOKEN
0	3	5	6	0.2	0.2	0.30	0.70	0.40	0.40	0.20	0.30	0.2	54	2025-07-26 23:12:15.667081	2025-07-26 23:20:26.454089	0:08:10.787008	0.8941266457633491	0.7281709311548223	0.9899225938367168	0.9173005284907204	1.0	ALIGNMENT_BASED-ETCONFORMANCE_TOKEN
0	0	5	3	0.2	0.2	0.40	0.40	0.70	0.40	0.40	0.30	0.2	51	2025-07-26 23:12:15.632103	2025-07-26 23:20:26.848429	0:08:11.216326	0.8941266457633491	0.7281709311548223	0.9899225938367168	0.9173005284907204	1.0	ALIGNMENT_BASED-ETCONFORMANCE_TOKEN
0	2	5	5	0.2	0.2	0.20	0.60	0.50	0.40	0.40	0.20	0.2	52	2025-07-26 23:12:15.657039	2025-07-26 23:20:27.941744	0:08:12.284705	0.8941266457633491	0.7281709311548223	0.9899225938367168	0.9173005284907204	1.0	ALIGNMENT_BASED-ETCONFORMANCE_TOKEN
0	0	5	3	0.2	0.2	0.40	0.40	0.70	0.40	0.40	0.30	0.2	52	2025-07-26 23:12:15.632103	2025-07-26 23:20:33.029225	0:08:17.397122	0.8941266457633491	0.7281709311548223	0.9899225938367168	0.9173005284907204	1.0	ALIGNMENT_BASED-ETCONFORMANCE_TOKEN
0	3	5	6	0.2	0.2	0.30	0.70	0.40	0.40	0.20	0.30	0.2	55	2025-07-26 23:12:15.667081	2025-07-26 23:20:33.203550	0:08:17.536469	0.8941266457633491	0.7281709311548223	0.9899225938367168	0.9173005284907204	1.0	ALIGNMENT_BASED-ETCONFORMANCE_TOKEN
0	2	5	5	0.2	0.2	0.20	0.60	0.50	0.40	0.40	0.20	0.2	53	2025-07-26 23:12:15.657039	2025-07-26 23:20:35.276257	0:08:19.619218	0.8941266457633491	0.7281709311548223	0.9899225938367168	0.9173005284907204	1.0	ALIGNMENT_BASED-ETCONFORMANCE_TOKEN
0	1	5	4	0.2	0.2	0.10	0.50	0.60	0.40	0.20	0.30	0.2	53	2025-07-26 23:12:15.647011	2025-07-26 23:20:31.265210	0:08:15.618199	0.8941266457633491	0.7281709311548223	0.9899225938367168	0.9173005284907204	1.0	ALIGNMENT_BASED-ALIGN_ETCONFORMANCE
0	0	5	3	0.2	0.2	0.40	0.40	0.70	0.40	0.40	0.30	0.2	53	2025-07-26 23:12:15.632103	2025-07-26 23:20:43.578734	0:08:27.946631	0.8941266457633491	0.7281709311548223	0.9899225938367168	0.9173005284907204	1.0	ALIGNMENT_BASED-ETCONFORMANCE_TOKEN
0	2	5	5	0.2	0.2	0.20	0.60	0.50	0.40	0.40	0.20	0.2	54	2025-07-26 23:12:15.657039	2025-07-26 23:20:45.806950	0:08:30.149911	0.8941266457633491	0.7281709311548223	0.9899225938367168	0.9173005284907204	1.0	ALIGNMENT_BASED-ETCONFORMANCE_TOKEN
0	0	5	3	0.2	0.2	0.40	0.40	0.70	0.40	0.40	0.30	0.2	54	2025-07-26 23:12:15.632103	2025-07-26 23:20:51.913082	0:08:36.280979	0.8941266457633491	0.7281709311548223	0.9899225938367168	0.9173005284907204	1.0	ALIGNMENT_BASED-ETCONFORMANCE_TOKEN
0	3	5	6	0.2	0.2	0.30	0.70	0.40	0.40	0.20	0.30	0.2	56	2025-07-26 23:12:15.667081	2025-07-26 23:20:42.981898	0:08:27.314817	0.8941266457633491	0.7281709311548223	0.9899225938367168	0.9173005284907204	1.0	ALIGNMENT_BASED-ALIGN_ETCONFORMANCE
0	0	5	3	0.2	0.2	0.40	0.40	0.70	0.40	0.40	0.30	0.2	55	2025-07-26 23:12:15.632103	2025-07-26 23:20:59.096883	0:08:43.464780	0.8941266457633491	0.7281709311548223	0.9899225938367168	0.9173005284907204	1.0	ALIGNMENT_BASED-ETCONFORMANCE_TOKEN
0	2	5	5	0.2	0.2	0.20	0.60	0.50	0.40	0.40	0.20	0.2	55	2025-07-26 23:12:15.657039	2025-07-26 23:20:55.011301	0:08:39.354262	0.8941266457633491	0.7281709311548223	0.9899225938367168	0.9173005284907204	1.0	ALIGNMENT_BASED-ALIGN_ETCONFORMANCE
0	0	5	3	0.2	0.2	0.40	0.40	0.70	0.40	0.40	0.30	0.2	56	2025-07-26 23:12:15.632103	2025-07-26 23:21:04.633033	0:08:49.000930	0.8941266457633491	0.7281709311548223	0.9899225938367168	0.9173005284907204	1.0	ALIGNMENT_BASED-ALIGN_ETCONFORMANCE
