0	0	5	 1	 0.2	 0.2	 0.2	 0.2	 0.2	 0.2	 0.1	 0.1	 0.2	 0.1	 0.1	0	2025-07-26 23:06:17.994028	2025-07-26 23:06:37.603283	0:00:19.609255	0.8869608087857438	0.9865438969034245	0.9766106822854039	0.9326679018404443	0.7142857142857143	
0	1	5	 1	 0.2	 0.2	 0.3	 0.3	 0.3	 0.3	 0.1	 0.2	 0.2	 0.2	 0.2	0	2025-07-26 23:06:21.400244	2025-07-26 23:06:38.446096	0:00:17.045852	0.8869608087857438	0.9865438969034245	0.9766106822854039	0.9326679018404443	0.7142857142857143	
0	1	5	 1	 0.2	 0.2	 0.3	 0.3	 0.3	 0.3	 0.1	 0.2	 0.2	 0.2	 0.2	1	2025-07-26 23:06:21.400244	2025-07-26 23:06:38.597590	0:00:17.197346	0.8869608087857438	0.9865438969034245	0.9766106822854039	0.9326679018404443	0.7142857142857143	
0	3	5	 1	 0.2	 0.2	 0.2	 0.2	 0.3	 0.2	 0.4	 0.2	 0.2	 0.1	 0.1	0	2025-07-26 23:06:22.682780	2025-07-26 23:06:39.365606	0:00:16.682826	0.8869608087857438	0.9865438969034245	0.9766106822854039	0.9326679018404443	0.7142857142857143	
0	3	5	 1	 0.2	 0.2	 0.2	 0.2	 0.3	 0.2	 0.4	 0.2	 0.2	 0.1	 0.1	1	2025-07-26 23:06:22.682780	2025-07-26 23:06:39.516363	0:00:16.833583	0.8869608087857438	0.9865438969034245	0.9766106822854039	0.9326679018404443	0.7142857142857143	
0	2	5	 1	 0.2	 0.2	 0.4	 0.4	 0.4	 0.4	 0.4	 0.3	 0.2	 0.3	 0.3	0	2025-07-26 23:06:21.663992	2025-07-26 23:06:40.021174	0:00:18.357182	0.8869608087857438	0.9865438969034245	0.9766106822854039	0.9326679018404443	0.7142857142857143	
0	3	5	 1	 0.2	 0.2	 0.2	 0.2	 0.3	 0.2	 0.4	 0.2	 0.2	 0.1	 0.1	2	2025-07-26 23:06:22.682780	2025-07-26 23:06:43.806441	0:00:21.123661	0.8869608087857438	0.9865438969034245	0.9766106822854039	0.9326679018404443	0.7142857142857143	
0	0	5	 1	 0.2	 0.2	 0.2	 0.2	 0.2	 0.2	 0.1	 0.1	 0.2	 0.1	 0.1	1	2025-07-26 23:06:17.994028	2025-07-26 23:06:46.269720	0:00:28.275692	0.8869608087857438	0.9865438969034245	0.9766106822854039	0.9326679018404443	0.7142857142857143	
0	1	5	 1	 0.2	 0.2	 0.3	 0.3	 0.3	 0.3	 0.1	 0.2	 0.2	 0.2	 0.2	2	2025-07-26 23:06:21.400244	2025-07-26 23:06:47.100529	0:00:25.700285	0.8869608087857438	0.9865438969034245	0.9766106822854039	0.9326679018404443	0.7142857142857143	
0	0	5	 1	 0.2	 0.2	 0.2	 0.2	 0.2	 0.2	 0.1	 0.1	 0.2	 0.1	 0.1	2	2025-07-26 23:06:17.994028	2025-07-26 23:06:48.796311	0:00:30.802283	0.8869608087857438	0.9865438969034245	0.9766106822854039	0.9326679018404443	0.7142857142857143	
0	3	5	 1	 0.2	 0.2	 0.2	 0.2	 0.3	 0.2	 0.4	 0.2	 0.2	 0.1	 0.1	3	2025-07-26 23:06:22.682780	2025-07-26 23:06:50.350686	0:00:27.667906	0.8869608087857438	0.9865438969034245	0.9766106822854039	0.9326679018404443	0.7142857142857143	
0	0	5	 1	 0.2	 0.2	 0.2	 0.2	 0.2	 0.2	 0.1	 0.1	 0.2	 0.1	 0.1	3	2025-07-26 23:06:17.994028	2025-07-26 23:06:50.591590	0:00:32.597562	0.8869608087857438	0.9865438969034245	0.9766106822854039	0.9326679018404443	0.7142857142857143	
0	2	5	 1	 0.2	 0.2	 0.4	 0.4	 0.4	 0.4	 0.4	 0.3	 0.2	 0.3	 0.3	1	2025-07-26 23:06:21.663992	2025-07-26 23:06:51.026589	0:00:29.362597	0.8869608087857438	0.9865438969034245	0.9766106822854039	0.9326679018404443	0.7142857142857143	
0	1	5	 1	 0.2	 0.2	 0.3	 0.3	 0.3	 0.3	 0.1	 0.2	 0.2	 0.2	 0.2	3	2025-07-26 23:06:21.400244	2025-07-26 23:06:52.345008	0:00:30.944764	0.8970294529941361	0.986432805929549	0.976721629485936	0.9357738612037465	0.7391304347826086	
0	0	5	 1	 0.2	 0.2	 0.2	 0.2	 0.2	 0.2	 0.1	 0.1	 0.2	 0.1	 0.1	4	2025-07-26 23:06:17.994028	2025-07-26 23:06:52.652563	0:00:34.658535	0.8869608087857438	0.9865438969034245	0.9766106822854039	0.9326679018404443	0.7142857142857143	
0	0	5	 1	 0.2	 0.2	 0.2	 0.2	 0.2	 0.2	 0.1	 0.1	 0.2	 0.1	 0.1	5	2025-07-26 23:06:17.994028	2025-07-26 23:06:52.800503	0:00:34.806475	0.8970294529941361	0.986432805929549	0.976721629485936	0.9357738612037465	0.7391304347826086	
0	0	5	 1	 0.2	 0.2	 0.2	 0.2	 0.2	 0.2	 0.1	 0.1	 0.2	 0.1	 0.1	6	2025-07-26 23:06:17.994028	2025-07-26 23:06:52.938504	0:00:34.944476	0.8970294529941361	0.986432805929549	0.976721629485936	0.9357738612037465	0.7391304347826086	
0	0	5	 1	 0.2	 0.2	 0.2	 0.2	 0.2	 0.2	 0.1	 0.1	 0.2	 0.1	 0.1	7	2025-07-26 23:06:17.994028	2025-07-26 23:06:53.306075	0:00:35.312047	0.8970294529941361	0.986432805929549	0.976721629485936	0.9357738612037465	0.7391304347826086	
0	0	5	 1	 0.2	 0.2	 0.2	 0.2	 0.2	 0.2	 0.1	 0.1	 0.2	 0.1	 0.1	8	2025-07-26 23:06:17.994028	2025-07-26 23:06:53.492514	0:00:35.498486	0.8970294529941361	0.986432805929549	0.976721629485936	0.9357738612037465	0.7391304347826086	
0	0	5	 1	 0.2	 0.2	 0.2	 0.2	 0.2	 0.2	 0.1	 0.1	 0.2	 0.1	 0.1	9	2025-07-26 23:06:17.994028	2025-07-26 23:06:53.642639	0:00:35.648611	0.8970294529941361	0.986432805929549	0.976721629485936	0.9357738612037465	0.7391304347826086	
0	3	5	 1	 0.2	 0.2	 0.2	 0.2	 0.3	 0.2	 0.4	 0.2	 0.2	 0.1	 0.1	4	2025-07-26 23:06:22.682780	2025-07-26 23:06:54.144396	0:00:31.461616	0.8970294529941361	0.986432805929549	0.976721629485936	0.9357738612037465	0.7391304347826086	
0	3	5	 1	 0.2	 0.2	 0.2	 0.2	 0.3	 0.2	 0.4	 0.2	 0.2	 0.1	 0.1	5	2025-07-26 23:06:22.682780	2025-07-26 23:06:54.278545	0:00:31.595765	0.8970294529941361	0.986432805929549	0.976721629485936	0.9357738612037465	0.7391304347826086	
0	3	5	 1	 0.2	 0.2	 0.2	 0.2	 0.3	 0.2	 0.4	 0.2	 0.2	 0.1	 0.1	6	2025-07-26 23:06:22.682780	2025-07-26 23:06:54.416203	0:00:31.733423	0.8970294529941361	0.986432805929549	0.976721629485936	0.9357738612037465	0.7391304347826086	
0	2	5	 1	 0.2	 0.2	 0.4	 0.4	 0.4	 0.4	 0.4	 0.3	 0.2	 0.3	 0.3	2	2025-07-26 23:06:21.663992	2025-07-26 23:06:55.810016	0:00:34.146024	0.8970294529941361	0.986432805929549	0.976721629485936	0.9357738612037465	0.7391304347826086	
0	2	5	 1	 0.2	 0.2	 0.4	 0.4	 0.4	 0.4	 0.4	 0.3	 0.2	 0.3	 0.3	3	2025-07-26 23:06:21.663992	2025-07-26 23:06:55.990692	0:00:34.326700	0.8970294529941361	0.986432805929549	0.976721629485936	0.9357738612037465	0.7391304347826086	
0	0	5	 1	 0.2	 0.2	 0.2	 0.2	 0.2	 0.2	 0.1	 0.1	 0.2	 0.1	 0.1	10	2025-07-26 23:06:17.994028	2025-07-26 23:06:56.080329	0:00:38.086301	0.9105094285089461	0.9780405678570812	0.982433234421365	0.9371215556917705	0.7777777777777779	
0	0	5	 1	 0.2	 0.2	 0.2	 0.2	 0.2	 0.2	 0.1	 0.1	 0.2	 0.1	 0.1	11	2025-07-26 23:06:17.994028	2025-07-26 23:06:56.230918	0:00:38.236890	0.9105094285089461	0.9780405678570812	0.982433234421365	0.9371215556917705	0.7777777777777779	
0	2	5	 1	 0.2	 0.2	 0.4	 0.4	 0.4	 0.4	 0.4	 0.3	 0.2	 0.3	 0.3	4	2025-07-26 23:06:21.663992	2025-07-26 23:06:56.692375	0:00:35.028383	0.9105094285089461	0.9780405678570812	0.982433234421365	0.9371215556917705	0.7777777777777779	
0	3	5	 1	 0.2	 0.2	 0.2	 0.2	 0.3	 0.2	 0.4	 0.2	 0.2	 0.1	 0.1	7	2025-07-26 23:06:22.682780	2025-07-26 23:06:56.755337	0:00:34.072557	0.9105094285089461	0.9780405678570812	0.982433234421365	0.9371215556917705	0.7777777777777779	
0	3	5	 1	 0.2	 0.2	 0.2	 0.2	 0.3	 0.2	 0.4	 0.2	 0.2	 0.1	 0.1	8	2025-07-26 23:06:22.682780	2025-07-26 23:06:56.898096	0:00:34.215316	0.9105094285089461	0.9780405678570812	0.982433234421365	0.9371215556917705	0.7777777777777779	
0	0	5	 1	 0.2	 0.2	 0.2	 0.2	 0.2	 0.2	 0.1	 0.1	 0.2	 0.1	 0.1	12	2025-07-26 23:06:17.994028	2025-07-26 23:06:57.029996	0:00:39.035968	0.9105094285089461	0.9780405678570812	0.982433234421365	0.9371215556917705	0.7777777777777779	
0	1	5	 1	 0.2	 0.2	 0.3	 0.3	 0.3	 0.3	 0.1	 0.2	 0.2	 0.2	 0.2	4	2025-07-26 23:06:21.400244	2025-07-26 23:06:57.042999	0:00:35.642755	0.9105094285089461	0.9780405678570812	0.982433234421365	0.9371215556917705	0.7777777777777779	
0	0	5	 1	 0.2	 0.2	 0.2	 0.2	 0.2	 0.2	 0.1	 0.1	 0.2	 0.1	 0.1	13	2025-07-26 23:06:17.994028	2025-07-26 23:06:57.173237	0:00:39.179209	0.9105094285089461	0.9780405678570812	0.982433234421365	0.9371215556917705	0.7777777777777779	
0	3	5	 1	 0.2	 0.2	 0.2	 0.2	 0.3	 0.2	 0.4	 0.2	 0.2	 0.1	 0.1	9	2025-07-26 23:06:22.682780	2025-07-26 23:06:57.318169	0:00:34.635389	0.9105094285089461	0.9780405678570812	0.982433234421365	0.9371215556917705	0.7777777777777779	
0	3	5	 1	 0.2	 0.2	 0.2	 0.2	 0.3	 0.2	 0.4	 0.2	 0.2	 0.1	 0.1	10	2025-07-26 23:06:22.682780	2025-07-26 23:06:57.551032	0:00:34.868252	0.9105094285089461	0.9780405678570812	0.982433234421365	0.9371215556917705	0.7777777777777779	
0	3	5	 1	 0.2	 0.2	 0.2	 0.2	 0.3	 0.2	 0.4	 0.2	 0.2	 0.1	 0.1	11	2025-07-26 23:06:22.682780	2025-07-26 23:06:57.693824	0:00:35.011044	0.9105094285089461	0.9780405678570812	0.982433234421365	0.9371215556917705	0.7777777777777779	
0	3	5	 1	 0.2	 0.2	 0.2	 0.2	 0.3	 0.2	 0.4	 0.2	 0.2	 0.1	 0.1	12	2025-07-26 23:06:22.682780	2025-07-26 23:06:57.846531	0:00:35.163751	0.9105094285089461	0.9780405678570812	0.982433234421365	0.9371215556917705	0.7777777777777779	
0	3	5	 1	 0.2	 0.2	 0.2	 0.2	 0.3	 0.2	 0.4	 0.2	 0.2	 0.1	 0.1	13	2025-07-26 23:06:22.682780	2025-07-26 23:06:58.016203	0:00:35.333423	0.9105094285089461	0.9780405678570812	0.982433234421365	0.9371215556917705	0.7777777777777779	
0	3	5	 1	 0.2	 0.2	 0.2	 0.2	 0.3	 0.2	 0.4	 0.2	 0.2	 0.1	 0.1	14	2025-07-26 23:06:22.682780	2025-07-26 23:06:58.164874	0:00:35.482094	0.9105094285089461	0.9780405678570812	0.982433234421365	0.9371215556917705	0.7777777777777779	
0	2	5	 1	 0.2	 0.2	 0.4	 0.4	 0.4	 0.4	 0.4	 0.3	 0.2	 0.3	 0.3	5	2025-07-26 23:06:21.663992	2025-07-26 23:06:59.036758	0:00:37.372766	0.9105094285089461	0.9780405678570812	0.982433234421365	0.9371215556917705	0.7777777777777779	
0	2	5	 1	 0.2	 0.2	 0.4	 0.4	 0.4	 0.4	 0.4	 0.3	 0.2	 0.3	 0.3	6	2025-07-26 23:06:21.663992	2025-07-26 23:06:59.379371	0:00:37.715379	0.9105094285089461	0.9780405678570812	0.982433234421365	0.9371215556917705	0.7777777777777779	
0	2	5	 1	 0.2	 0.2	 0.4	 0.4	 0.4	 0.4	 0.4	 0.3	 0.2	 0.3	 0.3	7	2025-07-26 23:06:21.663992	2025-07-26 23:06:59.875987	0:00:38.211995	0.9105094285089461	0.9780405678570812	0.982433234421365	0.9371215556917705	0.7777777777777779	
0	0	5	 1	 0.2	 0.2	 0.2	 0.2	 0.2	 0.2	 0.1	 0.1	 0.2	 0.1	 0.1	14	2025-07-26 23:06:17.994028	2025-07-26 23:06:59.964617	0:00:41.970589	0.9105094285089461	0.9780405678570812	0.982433234421365	0.9371215556917705	0.7777777777777779	
0	3	5	 1	 0.2	 0.2	 0.2	 0.2	 0.3	 0.2	 0.4	 0.2	 0.2	 0.1	 0.1	15	2025-07-26 23:06:22.682780	2025-07-26 23:07:00.129447	0:00:37.446667	0.9222299958651924	0.8997785038273782	0.9993368333793866	0.9333421535719418	0.8666666666666667	
0	0	5	 1	 0.2	 0.2	 0.2	 0.2	 0.2	 0.2	 0.1	 0.1	 0.2	 0.1	 0.1	15	2025-07-26 23:06:17.994028	2025-07-26 23:07:00.189991	0:00:42.195963	0.9222299958651924	0.8997785038273782	0.9993368333793866	0.9333421535719418	0.8666666666666667	
0	0	5	 1	 0.2	 0.2	 0.2	 0.2	 0.2	 0.2	 0.1	 0.1	 0.2	 0.1	 0.1	16	2025-07-26 23:06:17.994028	2025-07-26 23:07:00.342940	0:00:42.348912	0.9222299958651924	0.8997785038273782	0.9993368333793866	0.9333421535719418	0.8666666666666667	
0	0	5	 1	 0.2	 0.2	 0.2	 0.2	 0.2	 0.2	 0.1	 0.1	 0.2	 0.1	 0.1	17	2025-07-26 23:06:17.994028	2025-07-26 23:07:00.492849	0:00:42.498821	0.9222299958651924	0.8997785038273782	0.9993368333793866	0.9333421535719418	0.8666666666666667	
0	2	5	 1	 0.2	 0.2	 0.4	 0.4	 0.4	 0.4	 0.4	 0.3	 0.2	 0.3	 0.3	8	2025-07-26 23:06:21.663992	2025-07-26 23:07:00.666798	0:00:39.002806	0.9222299958651924	0.8997785038273782	0.9993368333793866	0.9333421535719418	0.8666666666666667	
0	3	5	 1	 0.2	 0.2	 0.2	 0.2	 0.3	 0.2	 0.4	 0.2	 0.2	 0.1	 0.1	16	2025-07-26 23:06:22.682780	2025-07-26 23:07:00.712363	0:00:38.029583	0.9222299958651924	0.8997785038273782	0.9993368333793866	0.9333421535719418	0.8666666666666667	
0	2	5	 1	 0.2	 0.2	 0.4	 0.4	 0.4	 0.4	 0.4	 0.3	 0.2	 0.3	 0.3	9	2025-07-26 23:06:21.663992	2025-07-26 23:07:01.016910	0:00:39.352918	0.9222299958651924	0.8997785038273782	0.9993368333793866	0.9333421535719418	0.8666666666666667	
0	2	5	 1	 0.2	 0.2	 0.4	 0.4	 0.4	 0.4	 0.4	 0.3	 0.2	 0.3	 0.3	10	2025-07-26 23:06:21.663992	2025-07-26 23:07:01.150633	0:00:39.486641	0.9222299958651924	0.8997785038273782	0.9993368333793866	0.9333421535719418	0.8666666666666667	
0	3	5	 1	 0.2	 0.2	 0.2	 0.2	 0.3	 0.2	 0.4	 0.2	 0.2	 0.1	 0.1	17	2025-07-26 23:06:22.682780	2025-07-26 23:07:01.358541	0:00:38.675761	0.9222299958651924	0.8997785038273782	0.9993368333793866	0.9333421535719418	0.8666666666666667	
0	1	5	 1	 0.2	 0.2	 0.3	 0.3	 0.3	 0.3	 0.1	 0.2	 0.2	 0.2	 0.2	5	2025-07-26 23:06:21.400244	2025-07-26 23:07:02.060537	0:00:40.660293	0.9222299958651924	0.8997785038273782	0.9993368333793866	0.9333421535719418	0.8666666666666667	
0	1	5	 1	 0.2	 0.2	 0.3	 0.3	 0.3	 0.3	 0.1	 0.2	 0.2	 0.2	 0.2	6	2025-07-26 23:06:21.400244	2025-07-26 23:07:02.210912	0:00:40.810668	0.9222299958651924	0.8997785038273782	0.9993368333793866	0.9333421535719418	0.8666666666666667	
0	1	5	 1	 0.2	 0.2	 0.3	 0.3	 0.3	 0.3	 0.1	 0.2	 0.2	 0.2	 0.2	7	2025-07-26 23:06:21.400244	2025-07-26 23:07:02.418772	0:00:41.018528	0.9222299958651924	0.8997785038273782	0.9993368333793866	0.9333421535719418	0.8666666666666667	
0	0	5	 1	 0.2	 0.2	 0.2	 0.2	 0.2	 0.2	 0.1	 0.1	 0.2	 0.1	 0.1	18	2025-07-26 23:06:17.994028	2025-07-26 23:07:02.680595	0:00:44.686567	0.9222299958651924	0.8997785038273782	0.9993368333793866	0.9333421535719418	0.8666666666666667	
0	0	5	 1	 0.2	 0.2	 0.2	 0.2	 0.2	 0.2	 0.1	 0.1	 0.2	 0.1	 0.1	19	2025-07-26 23:06:17.994028	2025-07-26 23:07:03.037345	0:00:45.043317	0.9222299958651924	0.8997785038273782	0.9993368333793866	0.9333421535719418	0.8666666666666667	
0	3	5	 1	 0.2	 0.2	 0.2	 0.2	 0.3	 0.2	 0.4	 0.2	 0.2	 0.1	 0.1	18	2025-07-26 23:06:22.682780	2025-07-26 23:07:03.358670	0:00:40.675890	0.9222299958651924	0.8997785038273782	0.9993368333793866	0.9333421535719418	0.8666666666666667	
0	0	5	 1	 0.2	 0.2	 0.2	 0.2	 0.2	 0.2	 0.1	 0.1	 0.2	 0.1	 0.1	20	2025-07-26 23:06:17.994028	2025-07-26 23:07:03.346393	0:00:45.352365	0.9222299958651924	0.8997785038273782	0.9993368333793866	0.9333421535719418	0.8666666666666667	
0	2	5	 1	 0.2	 0.2	 0.4	 0.4	 0.4	 0.4	 0.4	 0.3	 0.2	 0.3	 0.3	11	2025-07-26 23:06:21.663992	2025-07-26 23:07:03.427738	0:00:41.763746	0.9222299958651924	0.8997785038273782	0.9993368333793866	0.9333421535719418	0.8666666666666667	
0	3	5	 1	 0.2	 0.2	 0.2	 0.2	 0.3	 0.2	 0.4	 0.2	 0.2	 0.1	 0.1	19	2025-07-26 23:06:22.682780	2025-07-26 23:07:03.482464	0:00:40.799684	0.9222299958651924	0.8997785038273782	0.9993368333793866	0.9333421535719418	0.8666666666666667	
0	0	5	 1	 0.2	 0.2	 0.2	 0.2	 0.2	 0.2	 0.1	 0.1	 0.2	 0.1	 0.1	21	2025-07-26 23:06:17.994028	2025-07-26 23:07:03.491542	0:00:45.497514	0.9222299958651924	0.8997785038273782	0.9993368333793866	0.9333421535719418	0.8666666666666667	
0	0	5	 1	 0.2	 0.2	 0.2	 0.2	 0.2	 0.2	 0.1	 0.1	 0.2	 0.1	 0.1	22	2025-07-26 23:06:17.994028	2025-07-26 23:07:03.616500	0:00:45.622472	0.9222299958651924	0.8997785038273782	0.9993368333793866	0.9333421535719418	0.8666666666666667	
0	2	5	 1	 0.2	 0.2	 0.4	 0.4	 0.4	 0.4	 0.4	 0.3	 0.2	 0.3	 0.3	12	2025-07-26 23:06:21.663992	2025-07-26 23:07:03.642059	0:00:41.978067	0.9222299958651924	0.8997785038273782	0.9993368333793866	0.9333421535719418	0.8666666666666667	
0	3	5	 1	 0.2	 0.2	 0.2	 0.2	 0.3	 0.2	 0.4	 0.2	 0.2	 0.1	 0.1	20	2025-07-26 23:06:22.682780	2025-07-26 23:07:03.626677	0:00:40.943897	0.9222299958651924	0.8997785038273782	0.9993368333793866	0.9333421535719418	0.8666666666666667	
0	0	5	 1	 0.2	 0.2	 0.2	 0.2	 0.2	 0.2	 0.1	 0.1	 0.2	 0.1	 0.1	23	2025-07-26 23:06:17.994028	2025-07-26 23:07:03.757153	0:00:45.763125	0.9222299958651924	0.8997785038273782	0.9993368333793866	0.9333421535719418	0.8666666666666667	
0	3	5	 1	 0.2	 0.2	 0.2	 0.2	 0.3	 0.2	 0.4	 0.2	 0.2	 0.1	 0.1	21	2025-07-26 23:06:22.682780	2025-07-26 23:07:03.841507	0:00:41.158727	0.9222299958651924	0.8997785038273782	0.9993368333793866	0.9333421535719418	0.8666666666666667	
0	0	5	 1	 0.2	 0.2	 0.2	 0.2	 0.2	 0.2	 0.1	 0.1	 0.2	 0.1	 0.1	24	2025-07-26 23:06:17.994028	2025-07-26 23:07:03.888781	0:00:45.894753	0.9222299958651924	0.8997785038273782	0.9993368333793866	0.9333421535719418	0.8666666666666667	
0	3	5	 1	 0.2	 0.2	 0.2	 0.2	 0.3	 0.2	 0.4	 0.2	 0.2	 0.1	 0.1	22	2025-07-26 23:06:22.682780	2025-07-26 23:07:03.984571	0:00:41.301791	0.9222299958651924	0.8997785038273782	0.9993368333793866	0.9333421535719418	0.8666666666666667	
0	1	5	 1	 0.2	 0.2	 0.3	 0.3	 0.3	 0.3	 0.1	 0.2	 0.2	 0.2	 0.2	8	2025-07-26 23:06:21.400244	2025-07-26 23:07:03.952074	0:00:42.551830	0.9222299958651924	0.8997785038273782	0.9993368333793866	0.9333421535719418	0.8666666666666667	
0	3	5	 1	 0.2	 0.2	 0.2	 0.2	 0.3	 0.2	 0.4	 0.2	 0.2	 0.1	 0.1	23	2025-07-26 23:06:22.682780	2025-07-26 23:07:04.132445	0:00:41.449665	0.9222299958651924	0.8997785038273782	0.9993368333793866	0.9333421535719418	0.8666666666666667	
0	2	5	 1	 0.2	 0.2	 0.4	 0.4	 0.4	 0.4	 0.4	 0.3	 0.2	 0.3	 0.3	13	2025-07-26 23:06:21.663992	2025-07-26 23:07:04.327731	0:00:42.663739	0.9222299958651924	0.8997785038273782	0.9993368333793866	0.9333421535719418	0.8666666666666667	
0	2	5	 1	 0.2	 0.2	 0.4	 0.4	 0.4	 0.4	 0.4	 0.3	 0.2	 0.3	 0.3	14	2025-07-26 23:06:21.663992	2025-07-26 23:07:04.454940	0:00:42.790948	0.9222299958651924	0.8997785038273782	0.9993368333793866	0.9333421535719418	0.8666666666666667	
0	1	5	 1	 0.2	 0.2	 0.3	 0.3	 0.3	 0.3	 0.1	 0.2	 0.2	 0.2	 0.2	9	2025-07-26 23:06:21.400244	2025-07-26 23:07:04.519453	0:00:43.119209	0.9222299958651924	0.8997785038273782	0.9993368333793866	0.9333421535719418	0.8666666666666667	
0	3	5	 1	 0.2	 0.2	 0.2	 0.2	 0.3	 0.2	 0.4	 0.2	 0.2	 0.1	 0.1	24	2025-07-26 23:06:22.682780	2025-07-26 23:07:06.011343	0:00:43.328563	0.9222299958651924	0.8997785038273782	0.9993368333793866	0.9333421535719418	0.8666666666666667	
0	1	5	 1	 0.2	 0.2	 0.3	 0.3	 0.3	 0.3	 0.1	 0.2	 0.2	 0.2	 0.2	10	2025-07-26 23:06:21.400244	2025-07-26 23:07:06.075140	0:00:44.674896	0.9222299958651924	0.8997785038273782	0.9993368333793866	0.9333421535719418	0.8666666666666667	
0	0	5	 1	 0.2	 0.2	 0.2	 0.2	 0.2	 0.2	 0.1	 0.1	 0.2	 0.1	 0.1	25	2025-07-26 23:06:17.994028	2025-07-26 23:07:06.185453	0:00:48.191425	0.9222299958651924	0.8997785038273782	0.9993368333793866	0.9333421535719418	0.8666666666666667	
0	3	5	 1	 0.2	 0.2	 0.2	 0.2	 0.3	 0.2	 0.4	 0.2	 0.2	 0.1	 0.1	25	2025-07-26 23:06:22.682780	2025-07-26 23:07:06.199452	0:00:43.516672	0.9222299958651924	0.8997785038273782	0.9993368333793866	0.9333421535719418	0.8666666666666667	
0	2	5	 1	 0.2	 0.2	 0.4	 0.4	 0.4	 0.4	 0.4	 0.3	 0.2	 0.3	 0.3	15	2025-07-26 23:06:21.663992	2025-07-26 23:07:06.300131	0:00:44.636139	0.9222299958651924	0.8997785038273782	0.9993368333793866	0.9333421535719418	0.8666666666666667	
0	0	5	 1	 0.2	 0.2	 0.2	 0.2	 0.2	 0.2	 0.1	 0.1	 0.2	 0.1	 0.1	26	2025-07-26 23:06:17.994028	2025-07-26 23:07:06.378667	0:00:48.384639	0.9222299958651924	0.8997785038273782	0.9993368333793866	0.9333421535719418	0.8666666666666667	
0	0	5	 1	 0.2	 0.2	 0.2	 0.2	 0.2	 0.2	 0.1	 0.1	 0.2	 0.1	 0.1	27	2025-07-26 23:06:17.994028	2025-07-26 23:07:06.515863	0:00:48.521835	0.9222299958651924	0.8997785038273782	0.9993368333793866	0.9333421535719418	0.8666666666666667	
0	0	5	 1	 0.2	 0.2	 0.2	 0.2	 0.2	 0.2	 0.1	 0.1	 0.2	 0.1	 0.1	28	2025-07-26 23:06:17.994028	2025-07-26 23:07:06.670894	0:00:48.676866	0.9222299958651924	0.8997785038273782	0.9993368333793866	0.9333421535719418	0.8666666666666667	
0	0	5	 1	 0.2	 0.2	 0.2	 0.2	 0.2	 0.2	 0.1	 0.1	 0.2	 0.1	 0.1	29	2025-07-26 23:06:17.994028	2025-07-26 23:07:06.811955	0:00:48.817927	0.9222299958651924	0.8997785038273782	0.9993368333793866	0.9333421535719418	0.8666666666666667	
0	1	5	 1	 0.2	 0.2	 0.3	 0.3	 0.3	 0.3	 0.1	 0.2	 0.2	 0.2	 0.2	11	2025-07-26 23:06:21.400244	2025-07-26 23:07:06.802846	0:00:45.402602	0.9222299958651924	0.8997785038273782	0.9993368333793866	0.9333421535719418	0.8666666666666667	
0	0	5	 1	 0.2	 0.2	 0.2	 0.2	 0.2	 0.2	 0.1	 0.1	 0.2	 0.1	 0.1	30	2025-07-26 23:06:17.994028	2025-07-26 23:07:06.959847	0:00:48.965819	0.9222299958651924	0.8997785038273782	0.9993368333793866	0.9333421535719418	0.8666666666666667	
0	1	5	 1	 0.2	 0.2	 0.3	 0.3	 0.3	 0.3	 0.1	 0.2	 0.2	 0.2	 0.2	12	2025-07-26 23:06:21.400244	2025-07-26 23:07:06.966934	0:00:45.566690	0.9222299958651924	0.8997785038273782	0.9993368333793866	0.9333421535719418	0.8666666666666667	
0	0	5	 1	 0.2	 0.2	 0.2	 0.2	 0.2	 0.2	 0.1	 0.1	 0.2	 0.1	 0.1	31	2025-07-26 23:06:17.994028	2025-07-26 23:07:07.332435	0:00:49.338407	0.9222299958651924	0.8997785038273782	0.9993368333793866	0.9333421535719418	0.8666666666666667	
0	2	5	 1	 0.2	 0.2	 0.4	 0.4	 0.4	 0.4	 0.4	 0.3	 0.2	 0.3	 0.3	16	2025-07-26 23:06:21.663992	2025-07-26 23:07:07.356661	0:00:45.692669	0.9222299958651924	0.8997785038273782	0.9993368333793866	0.9333421535719418	0.8666666666666667	
0	0	5	 1	 0.2	 0.2	 0.2	 0.2	 0.2	 0.2	 0.1	 0.1	 0.2	 0.1	 0.1	32	2025-07-26 23:06:17.994028	2025-07-26 23:07:07.477839	0:00:49.483811	0.9222299958651924	0.8997785038273782	0.9993368333793866	0.9333421535719418	0.8666666666666667	
0	1	5	 1	 0.2	 0.2	 0.3	 0.3	 0.3	 0.3	 0.1	 0.2	 0.2	 0.2	 0.2	13	2025-07-26 23:06:21.400244	2025-07-26 23:07:07.574671	0:00:46.174427	0.9222299958651924	0.8997785038273782	0.9993368333793866	0.9333421535719418	0.8666666666666667	
0	0	5	 1	 0.2	 0.2	 0.2	 0.2	 0.2	 0.2	 0.1	 0.1	 0.2	 0.1	 0.1	33	2025-07-26 23:06:17.994028	2025-07-26 23:07:07.856887	0:00:49.862859	0.9222299958651924	0.8997785038273782	0.9993368333793866	0.9333421535719418	0.8666666666666667	
0	0	5	 1	 0.2	 0.2	 0.2	 0.2	 0.2	 0.2	 0.1	 0.1	 0.2	 0.1	 0.1	34	2025-07-26 23:06:17.994028	2025-07-26 23:07:08.014496	0:00:50.020468	0.9222299958651924	0.8997785038273782	0.9993368333793866	0.9333421535719418	0.8666666666666667	
0	1	5	 1	 0.2	 0.2	 0.3	 0.3	 0.3	 0.3	 0.1	 0.2	 0.2	 0.2	 0.2	14	2025-07-26 23:06:21.400244	2025-07-26 23:07:08.048608	0:00:46.648364	0.9222299958651924	0.8997785038273782	0.9993368333793866	0.9333421535719418	0.8666666666666667	
0	3	5	 1	 0.2	 0.2	 0.2	 0.2	 0.3	 0.2	 0.4	 0.2	 0.2	 0.1	 0.1	26	2025-07-26 23:06:22.682780	2025-07-26 23:07:08.314166	0:00:45.631386	0.9222299958651924	0.8997785038273782	0.9993368333793866	0.9333421535719418	0.8666666666666667	
0	1	5	 1	 0.2	 0.2	 0.3	 0.3	 0.3	 0.3	 0.1	 0.2	 0.2	 0.2	 0.2	15	2025-07-26 23:06:21.400244	2025-07-26 23:07:08.335813	0:00:46.935569	0.9222299958651924	0.8997785038273782	0.9993368333793866	0.9333421535719418	0.8666666666666667	
0	3	5	 1	 0.2	 0.2	 0.2	 0.2	 0.3	 0.2	 0.4	 0.2	 0.2	 0.1	 0.1	27	2025-07-26 23:06:22.682780	2025-07-26 23:07:08.463191	0:00:45.780411	0.9222299958651924	0.8997785038273782	0.9993368333793866	0.9333421535719418	0.8666666666666667	
0	0	5	 1	 0.2	 0.2	 0.2	 0.2	 0.2	 0.2	 0.1	 0.1	 0.2	 0.1	 0.1	35	2025-07-26 23:06:17.994028	2025-07-26 23:07:08.607823	0:00:50.613795	0.9222299958651924	0.8997785038273782	0.9993368333793866	0.9333421535719418	0.8666666666666667	
0	1	5	 1	 0.2	 0.2	 0.3	 0.3	 0.3	 0.3	 0.1	 0.2	 0.2	 0.2	 0.2	16	2025-07-26 23:06:21.400244	2025-07-26 23:07:08.921110	0:00:47.520866	0.9222299958651924	0.8997785038273782	0.9993368333793866	0.9333421535719418	0.8666666666666667	
0	3	5	 1	 0.2	 0.2	 0.2	 0.2	 0.3	 0.2	 0.4	 0.2	 0.2	 0.1	 0.1	28	2025-07-26 23:06:22.682780	2025-07-26 23:07:08.956618	0:00:46.273838	0.9222299958651924	0.8997785038273782	0.9993368333793866	0.9333421535719418	0.8666666666666667	
0	1	5	 1	 0.2	 0.2	 0.3	 0.3	 0.3	 0.3	 0.1	 0.2	 0.2	 0.2	 0.2	17	2025-07-26 23:06:21.400244	2025-07-26 23:07:09.092072	0:00:47.691828	0.9222299958651924	0.8997785038273782	0.9993368333793866	0.9333421535719418	0.8666666666666667	
0	3	5	 1	 0.2	 0.2	 0.2	 0.2	 0.3	 0.2	 0.4	 0.2	 0.2	 0.1	 0.1	29	2025-07-26 23:06:22.682780	2025-07-26 23:07:09.120689	0:00:46.437909	0.9222299958651924	0.8997785038273782	0.9993368333793866	0.9333421535719418	0.8666666666666667	
0	0	5	 1	 0.2	 0.2	 0.2	 0.2	 0.2	 0.2	 0.1	 0.1	 0.2	 0.1	 0.1	36	2025-07-26 23:06:17.994028	2025-07-26 23:07:09.214489	0:00:51.220461	0.9222299958651924	0.8997785038273782	0.9993368333793866	0.9333421535719418	0.8666666666666667	
0	0	5	 1	 0.2	 0.2	 0.2	 0.2	 0.2	 0.2	 0.1	 0.1	 0.2	 0.1	 0.1	37	2025-07-26 23:06:17.994028	2025-07-26 23:07:09.355535	0:00:51.361507	0.9222299958651924	0.8997785038273782	0.9993368333793866	0.9333421535719418	0.8666666666666667	
0	1	5	 1	 0.2	 0.2	 0.3	 0.3	 0.3	 0.3	 0.1	 0.2	 0.2	 0.2	 0.2	18	2025-07-26 23:06:21.400244	2025-07-26 23:07:09.510916	0:00:48.110672	0.9222299958651924	0.8997785038273782	0.9993368333793866	0.9333421535719418	0.8666666666666667	
0	3	5	 1	 0.2	 0.2	 0.2	 0.2	 0.3	 0.2	 0.4	 0.2	 0.2	 0.1	 0.1	30	2025-07-26 23:06:22.682780	2025-07-26 23:07:09.571289	0:00:46.888509	0.9222299958651924	0.8997785038273782	0.9993368333793866	0.9333421535719418	0.8666666666666667	
0	0	5	 1	 0.2	 0.2	 0.2	 0.2	 0.2	 0.2	 0.1	 0.1	 0.2	 0.1	 0.1	38	2025-07-26 23:06:17.994028	2025-07-26 23:07:09.829095	0:00:51.835067	0.9222299958651924	0.8997785038273782	0.9993368333793866	0.9333421535719418	0.8666666666666667	
0	1	5	 1	 0.2	 0.2	 0.3	 0.3	 0.3	 0.3	 0.1	 0.2	 0.2	 0.2	 0.2	19	2025-07-26 23:06:21.400244	2025-07-26 23:07:10.003138	0:00:48.602894	0.9222299958651924	0.8997785038273782	0.9993368333793866	0.9333421535719418	0.8666666666666667	
0	0	5	 1	 0.2	 0.2	 0.2	 0.2	 0.2	 0.2	 0.1	 0.1	 0.2	 0.1	 0.1	39	2025-07-26 23:06:17.994028	2025-07-26 23:07:10.279689	0:00:52.285661	0.9222299958651924	0.8997785038273782	0.9993368333793866	0.9333421535719418	0.8666666666666667	
0	1	5	 1	 0.2	 0.2	 0.3	 0.3	 0.3	 0.3	 0.1	 0.2	 0.2	 0.2	 0.2	20	2025-07-26 23:06:21.400244	2025-07-26 23:07:10.425696	0:00:49.025452	0.9222299958651924	0.8997785038273782	0.9993368333793866	0.9333421535719418	0.8666666666666667	
0	2	5	 1	 0.2	 0.2	 0.4	 0.4	 0.4	 0.4	 0.4	 0.3	 0.2	 0.3	 0.3	17	2025-07-26 23:06:21.663992	2025-07-26 23:07:10.751161	0:00:49.087169	0.9222299958651924	0.8997785038273782	0.9993368333793866	0.9333421535719418	0.8666666666666667	
0	1	5	 1	 0.2	 0.2	 0.3	 0.3	 0.3	 0.3	 0.1	 0.2	 0.2	 0.2	 0.2	21	2025-07-26 23:06:21.400244	2025-07-26 23:07:10.870275	0:00:49.470031	0.9222299958651924	0.8997785038273782	0.9993368333793866	0.9333421535719418	0.8666666666666667	
0	1	5	 1	 0.2	 0.2	 0.3	 0.3	 0.3	 0.3	 0.1	 0.2	 0.2	 0.2	 0.2	22	2025-07-26 23:06:21.400244	2025-07-26 23:07:11.032517	0:00:49.632273	0.9222299958651924	0.8997785038273782	0.9993368333793866	0.9333421535719418	0.8666666666666667	
0	2	5	 1	 0.2	 0.2	 0.4	 0.4	 0.4	 0.4	 0.4	 0.3	 0.2	 0.3	 0.3	18	2025-07-26 23:06:21.663992	2025-07-26 23:07:11.253139	0:00:49.589147	0.9222299958651924	0.8997785038273782	0.9993368333793866	0.9333421535719418	0.8666666666666667	
0	1	5	 1	 0.2	 0.2	 0.3	 0.3	 0.3	 0.3	 0.1	 0.2	 0.2	 0.2	 0.2	23	2025-07-26 23:06:21.400244	2025-07-26 23:07:11.276624	0:00:49.876380	0.9222299958651924	0.8997785038273782	0.9993368333793866	0.9333421535719418	0.8666666666666667	
0	1	5	 1	 0.2	 0.2	 0.3	 0.3	 0.3	 0.3	 0.1	 0.2	 0.2	 0.2	 0.2	24	2025-07-26 23:06:21.400244	2025-07-26 23:07:11.668774	0:00:50.268530	0.9222299958651924	0.8997785038273782	0.9993368333793866	0.9333421535719418	0.8666666666666667	
0	2	5	 1	 0.2	 0.2	 0.4	 0.4	 0.4	 0.4	 0.4	 0.3	 0.2	 0.3	 0.3	19	2025-07-26 23:06:21.663992	2025-07-26 23:07:11.692477	0:00:50.028485	0.9222299958651924	0.8997785038273782	0.9993368333793866	0.9333421535719418	0.8666666666666667	
0	1	5	 1	 0.2	 0.2	 0.3	 0.3	 0.3	 0.3	 0.1	 0.2	 0.2	 0.2	 0.2	25	2025-07-26 23:06:21.400244	2025-07-26 23:07:11.846624	0:00:50.446380	0.9222299958651924	0.8997785038273782	0.9993368333793866	0.9333421535719418	0.8666666666666667	
0	2	5	 1	 0.2	 0.2	 0.4	 0.4	 0.4	 0.4	 0.4	 0.3	 0.2	 0.3	 0.3	20	2025-07-26 23:06:21.663992	2025-07-26 23:07:12.096734	0:00:50.432742	0.9222299958651924	0.8997785038273782	0.9993368333793866	0.9333421535719418	0.8666666666666667	
0	3	5	 1	 0.2	 0.2	 0.2	 0.2	 0.3	 0.2	 0.4	 0.2	 0.2	 0.1	 0.1	31	2025-07-26 23:06:22.682780	2025-07-26 23:07:12.117303	0:00:49.434523	0.9222299958651924	0.8997785038273782	0.9993368333793866	0.9333421535719418	0.8666666666666667	
0	3	5	 1	 0.2	 0.2	 0.2	 0.2	 0.3	 0.2	 0.4	 0.2	 0.2	 0.1	 0.1	32	2025-07-26 23:06:22.682780	2025-07-26 23:07:12.281105	0:00:49.598325	0.9222299958651924	0.8997785038273782	0.9993368333793866	0.9333421535719418	0.8666666666666667	
0	2	5	 1	 0.2	 0.2	 0.4	 0.4	 0.4	 0.4	 0.4	 0.3	 0.2	 0.3	 0.3	21	2025-07-26 23:06:21.663992	2025-07-26 23:07:12.359026	0:00:50.695034	0.9222299958651924	0.8997785038273782	0.9993368333793866	0.9333421535719418	0.8666666666666667	
0	1	5	 1	 0.2	 0.2	 0.3	 0.3	 0.3	 0.3	 0.1	 0.2	 0.2	 0.2	 0.2	26	2025-07-26 23:06:21.400244	2025-07-26 23:07:12.462721	0:00:51.062477	0.9222299958651924	0.8997785038273782	0.9993368333793866	0.9333421535719418	0.8666666666666667	
0	1	5	 1	 0.2	 0.2	 0.3	 0.3	 0.3	 0.3	 0.1	 0.2	 0.2	 0.2	 0.2	27	2025-07-26 23:06:21.400244	2025-07-26 23:07:12.872206	0:00:51.471962	0.9222299958651924	0.8997785038273782	0.9993368333793866	0.9333421535719418	0.8666666666666667	
0	1	5	 1	 0.2	 0.2	 0.3	 0.3	 0.3	 0.3	 0.1	 0.2	 0.2	 0.2	 0.2	28	2025-07-26 23:06:21.400244	2025-07-26 23:07:13.023529	0:00:51.623285	0.9222299958651924	0.8997785038273782	0.9993368333793866	0.9333421535719418	0.8666666666666667	
0	1	5	 1	 0.2	 0.2	 0.3	 0.3	 0.3	 0.3	 0.1	 0.2	 0.2	 0.2	 0.2	29	2025-07-26 23:06:21.400244	2025-07-26 23:07:13.187185	0:00:51.786941	0.9222299958651924	0.8997785038273782	0.9993368333793866	0.9333421535719418	0.8666666666666667	
0	2	5	 1	 0.2	 0.2	 0.4	 0.4	 0.4	 0.4	 0.4	 0.3	 0.2	 0.3	 0.3	22	2025-07-26 23:06:21.663992	2025-07-26 23:07:13.252523	0:00:51.588531	0.9222299958651924	0.8997785038273782	0.9993368333793866	0.9333421535719418	0.8666666666666667	
0	1	5	 1	 0.2	 0.2	 0.3	 0.3	 0.3	 0.3	 0.1	 0.2	 0.2	 0.2	 0.2	30	2025-07-26 23:06:21.400244	2025-07-26 23:07:13.582669	0:00:52.182425	0.9222299958651924	0.8997785038273782	0.9993368333793866	0.9333421535719418	0.8666666666666667	
0	1	5	 1	 0.2	 0.2	 0.3	 0.3	 0.3	 0.3	 0.1	 0.2	 0.2	 0.2	 0.2	31	2025-07-26 23:06:21.400244	2025-07-26 23:07:13.738516	0:00:52.338272	0.9222299958651924	0.8997785038273782	0.9993368333793866	0.9333421535719418	0.8666666666666667	
0	0	5	 1	 0.2	 0.2	 0.2	 0.2	 0.2	 0.2	 0.1	 0.1	 0.2	 0.1	 0.1	40	2025-07-26 23:06:17.994028	2025-07-26 23:07:14.115415	0:00:56.121387	0.9222299958651924	0.8997785038273782	0.9993368333793866	0.9333421535719418	0.8666666666666667	
0	0	5	 1	 0.2	 0.2	 0.2	 0.2	 0.2	 0.2	 0.1	 0.1	 0.2	 0.1	 0.1	41	2025-07-26 23:06:17.994028	2025-07-26 23:07:14.283248	0:00:56.289220	0.9222299958651924	0.8997785038273782	0.9993368333793866	0.9333421535719418	0.8666666666666667	
0	3	5	 1	 0.2	 0.2	 0.2	 0.2	 0.3	 0.2	 0.4	 0.2	 0.2	 0.1	 0.1	33	2025-07-26 23:06:22.682780	2025-07-26 23:07:14.509185	0:00:51.826405	0.9222299958651924	0.8997785038273782	0.9993368333793866	0.9333421535719418	0.8666666666666667	
0	2	5	 1	 0.2	 0.2	 0.4	 0.4	 0.4	 0.4	 0.4	 0.3	 0.2	 0.3	 0.3	23	2025-07-26 23:06:21.663992	2025-07-26 23:07:15.174152	0:00:53.510160	0.9222299958651924	0.8997785038273782	0.9993368333793866	0.9333421535719418	0.8666666666666667	
0	3	5	 1	 0.2	 0.2	 0.2	 0.2	 0.3	 0.2	 0.4	 0.2	 0.2	 0.1	 0.1	34	2025-07-26 23:06:22.682780	2025-07-26 23:07:15.930583	0:00:53.247803	0.9222299958651924	0.8997785038273782	0.9993368333793866	0.9333421535719418	0.8666666666666667	
0	3	5	 1	 0.2	 0.2	 0.2	 0.2	 0.3	 0.2	 0.4	 0.2	 0.2	 0.1	 0.1	35	2025-07-26 23:06:22.682780	2025-07-26 23:07:16.062571	0:00:53.379791	0.9222299958651924	0.8997785038273782	0.9993368333793866	0.9333421535719418	0.8666666666666667	
0	3	5	 1	 0.2	 0.2	 0.2	 0.2	 0.3	 0.2	 0.4	 0.2	 0.2	 0.1	 0.1	36	2025-07-26 23:06:22.682780	2025-07-26 23:07:16.448175	0:00:53.765395	0.9222299958651924	0.8997785038273782	0.9993368333793866	0.9333421535719418	0.8666666666666667	
0	3	5	 1	 0.2	 0.2	 0.2	 0.2	 0.3	 0.2	 0.4	 0.2	 0.2	 0.1	 0.1	37	2025-07-26 23:06:22.682780	2025-07-26 23:07:16.552764	0:00:53.869984	0.9222299958651924	0.8997785038273782	0.9993368333793866	0.9333421535719418	0.8666666666666667	
0	2	5	 1	 0.2	 0.2	 0.4	 0.4	 0.4	 0.4	 0.4	 0.3	 0.2	 0.3	 0.3	24	2025-07-26 23:06:21.663992	2025-07-26 23:07:16.874049	0:00:55.210057	0.9222299958651924	0.8997785038273782	0.9993368333793866	0.9333421535719418	0.8666666666666667	
0	2	5	 1	 0.2	 0.2	 0.4	 0.4	 0.4	 0.4	 0.4	 0.3	 0.2	 0.3	 0.3	25	2025-07-26 23:06:21.663992	2025-07-26 23:07:17.169691	0:00:55.505699	0.9222299958651924	0.8997785038273782	0.9993368333793866	0.9333421535719418	0.8666666666666667	
0	2	5	 1	 0.2	 0.2	 0.4	 0.4	 0.4	 0.4	 0.4	 0.3	 0.2	 0.3	 0.3	26	2025-07-26 23:06:21.663992	2025-07-26 23:07:17.288174	0:00:55.624182	0.9222299958651924	0.8997785038273782	0.9993368333793866	0.9333421535719418	0.8666666666666667	
0	3	5	 1	 0.2	 0.2	 0.2	 0.2	 0.3	 0.2	 0.4	 0.2	 0.2	 0.1	 0.1	38	2025-07-26 23:06:22.682780	2025-07-26 23:07:18.072030	0:00:55.389250	0.9222299958651924	0.8997785038273782	0.9993368333793866	0.9333421535719418	0.8666666666666667	
0	3	5	 1	 0.2	 0.2	 0.2	 0.2	 0.3	 0.2	 0.4	 0.2	 0.2	 0.1	 0.1	39	2025-07-26 23:06:22.682780	2025-07-26 23:07:18.175660	0:00:55.492880	0.9222299958651924	0.8997785038273782	0.9993368333793866	0.9333421535719418	0.8666666666666667	
0	3	5	 1	 0.2	 0.2	 0.2	 0.2	 0.3	 0.2	 0.4	 0.2	 0.2	 0.1	 0.1	40	2025-07-26 23:06:22.682780	2025-07-26 23:07:18.300002	0:00:55.617222	0.9222299958651924	0.8997785038273782	0.9993368333793866	0.9333421535719418	0.8666666666666667	
0	2	5	 1	 0.2	 0.2	 0.4	 0.4	 0.4	 0.4	 0.4	 0.3	 0.2	 0.3	 0.3	27	2025-07-26 23:06:21.663992	2025-07-26 23:07:19.114372	0:00:57.450380	0.9222299958651924	0.8997785038273782	0.9993368333793866	0.9333421535719418	0.8666666666666667	
0	2	5	 1	 0.2	 0.2	 0.4	 0.4	 0.4	 0.4	 0.4	 0.3	 0.2	 0.3	 0.3	28	2025-07-26 23:06:21.663992	2025-07-26 23:07:19.532873	0:00:57.868881	0.9222299958651924	0.8997785038273782	0.9993368333793866	0.9333421535719418	0.8666666666666667	
0	2	5	 1	 0.2	 0.2	 0.4	 0.4	 0.4	 0.4	 0.4	 0.3	 0.2	 0.3	 0.3	29	2025-07-26 23:06:21.663992	2025-07-26 23:07:19.687072	0:00:58.023080	0.9222299958651924	0.8997785038273782	0.9993368333793866	0.9333421535719418	0.8666666666666667	
0	2	5	 1	 0.2	 0.2	 0.4	 0.4	 0.4	 0.4	 0.4	 0.3	 0.2	 0.3	 0.3	30	2025-07-26 23:06:21.663992	2025-07-26 23:07:19.958837	0:00:58.294845	0.9222299958651924	0.8997785038273782	0.9993368333793866	0.9333421535719418	0.8666666666666667	
0	2	5	 1	 0.2	 0.2	 0.4	 0.4	 0.4	 0.4	 0.4	 0.3	 0.2	 0.3	 0.3	31	2025-07-26 23:06:21.663992	2025-07-26 23:07:21.499649	0:00:59.835657	0.9222299958651924	0.8997785038273782	0.9993368333793866	0.9333421535719418	0.8666666666666667	
0	2	5	 1	 0.2	 0.2	 0.4	 0.4	 0.4	 0.4	 0.4	 0.3	 0.2	 0.3	 0.3	32	2025-07-26 23:06:21.663992	2025-07-26 23:07:21.656974	0:00:59.992982	0.9222299958651924	0.8997785038273782	0.9993368333793866	0.9333421535719418	0.8666666666666667	
0	2	5	 1	 0.2	 0.2	 0.4	 0.4	 0.4	 0.4	 0.4	 0.3	 0.2	 0.3	 0.3	33	2025-07-26 23:06:21.663992	2025-07-26 23:07:21.942132	0:01:00.278140	0.9222299958651924	0.8997785038273782	0.9993368333793866	0.9333421535719418	0.8666666666666667	
0	2	5	 1	 0.2	 0.2	 0.4	 0.4	 0.4	 0.4	 0.4	 0.3	 0.2	 0.3	 0.3	0	2025-07-26 23:14:19.687735	2025-07-26 23:14:37.915878	0:00:18.228143	0.8563632478867839	0.631131445149556	0.9999255010057364	0.9204843518296884	1.0	
0	0	5	 1	 0.2	 0.2	 0.2	 0.2	 0.2	 0.2	 0.1	 0.1	 0.2	 0.1	 0.1	0	2025-07-26 23:14:17.379080	2025-07-26 23:14:40.404512	0:00:23.025432	0.8722563492429324	0.8306379973257436	0.9884169884169884	0.9221001320472829	0.7777777777777779	
0	3	5	 1	 0.2	 0.2	 0.2	 0.2	 0.3	 0.2	 0.4	 0.2	 0.2	 0.1	 0.1	0	2025-07-26 23:14:20.935390	2025-07-26 23:14:40.546546	0:00:19.611156	0.8991752933628603	0.9000072523273385	0.929004329004329	0.9266301504239871	0.8461538461538463	
0	1	5	 1	 0.2	 0.2	 0.3	 0.3	 0.3	 0.3	 0.1	 0.2	 0.2	 0.2	 0.2	0	2025-07-26 23:14:18.484287	2025-07-26 23:14:40.942574	0:00:22.458287	0.8991752933628603	0.9000072523273385	0.929004329004329	0.9266301504239871	0.8461538461538463	
0	1	5	 1	 0.2	 0.2	 0.3	 0.3	 0.3	 0.3	 0.1	 0.2	 0.2	 0.2	 0.2	1	2025-07-26 23:14:18.484287	2025-07-26 23:14:48.712931	0:00:30.228644	0.8991752933628603	0.9000072523273385	0.929004329004329	0.9266301504239871	0.8461538461538463	
0	2	5	 1	 0.2	 0.2	 0.4	 0.4	 0.4	 0.4	 0.4	 0.3	 0.2	 0.3	 0.3	1	2025-07-26 23:14:19.687735	2025-07-26 23:14:49.809561	0:00:30.121826	0.8991752933628603	0.9000072523273385	0.929004329004329	0.9266301504239871	0.8461538461538463	
0	3	5	 1	 0.2	 0.2	 0.2	 0.2	 0.3	 0.2	 0.4	 0.2	 0.2	 0.1	 0.1	1	2025-07-26 23:14:20.935390	2025-07-26 23:14:49.967377	0:00:29.031987	0.8991752933628603	0.9000072523273385	0.929004329004329	0.9266301504239871	0.8461538461538463	
0	0	5	 1	 0.2	 0.2	 0.2	 0.2	 0.2	 0.2	 0.1	 0.1	 0.2	 0.1	 0.1	1	2025-07-26 23:14:17.379080	2025-07-26 23:14:50.470277	0:00:33.091197	0.8991752933628603	0.9000072523273385	0.929004329004329	0.9266301504239871	0.8461538461538463	
0	2	5	 1	 0.2	 0.2	 0.4	 0.4	 0.4	 0.4	 0.4	 0.3	 0.2	 0.3	 0.3	2	2025-07-26 23:14:19.687735	2025-07-26 23:14:52.262448	0:00:32.574713	0.8991752933628603	0.9000072523273385	0.929004329004329	0.9266301504239871	0.8461538461538463	
0	2	5	 1	 0.2	 0.2	 0.4	 0.4	 0.4	 0.4	 0.4	 0.3	 0.2	 0.3	 0.3	3	2025-07-26 23:14:19.687735	2025-07-26 23:14:52.778216	0:00:33.090481	0.8991752933628603	0.9000072523273385	0.929004329004329	0.9266301504239871	0.8461538461538463	
0	1	5	 1	 0.2	 0.2	 0.3	 0.3	 0.3	 0.3	 0.1	 0.2	 0.2	 0.2	 0.2	2	2025-07-26 23:14:18.484287	2025-07-26 23:14:53.261380	0:00:34.777093	0.8991752933628603	0.9000072523273385	0.929004329004329	0.9266301504239871	0.8461538461538463	
0	0	5	 1	 0.2	 0.2	 0.2	 0.2	 0.2	 0.2	 0.1	 0.1	 0.2	 0.1	 0.1	2	2025-07-26 23:14:17.379080	2025-07-26 23:14:54.893598	0:00:37.514518	0.8991752933628603	0.9000072523273385	0.929004329004329	0.9266301504239871	0.8461538461538463	
0	0	5	 1	 0.2	 0.2	 0.2	 0.2	 0.2	 0.2	 0.1	 0.1	 0.2	 0.1	 0.1	3	2025-07-26 23:14:17.379080	2025-07-26 23:14:55.786085	0:00:38.407005	0.8991752933628603	0.9000072523273385	0.929004329004329	0.9266301504239871	0.8461538461538463	
0	1	5	 1	 0.2	 0.2	 0.3	 0.3	 0.3	 0.3	 0.1	 0.2	 0.2	 0.2	 0.2	3	2025-07-26 23:14:18.484287	2025-07-26 23:14:56.296554	0:00:37.812267	0.8991752933628603	0.9000072523273385	0.929004329004329	0.9266301504239871	0.8461538461538463	
0	0	5	 1	 0.2	 0.2	 0.2	 0.2	 0.2	 0.2	 0.1	 0.1	 0.2	 0.1	 0.1	4	2025-07-26 23:14:17.379080	2025-07-26 23:14:56.158038	0:00:38.778958	0.8991752933628603	0.9000072523273385	0.929004329004329	0.9266301504239871	0.8461538461538463	
0	0	5	 1	 0.2	 0.2	 0.2	 0.2	 0.2	 0.2	 0.1	 0.1	 0.2	 0.1	 0.1	5	2025-07-26 23:14:17.379080	2025-07-26 23:14:56.608320	0:00:39.229240	0.8991752933628603	0.9000072523273385	0.929004329004329	0.9266301504239871	0.8461538461538463	
0	1	5	 1	 0.2	 0.2	 0.3	 0.3	 0.3	 0.3	 0.1	 0.2	 0.2	 0.2	 0.2	4	2025-07-26 23:14:18.484287	2025-07-26 23:14:57.155315	0:00:38.671028	0.8991752933628603	0.9000072523273385	0.929004329004329	0.9266301504239871	0.8461538461538463	
0	2	5	 1	 0.2	 0.2	 0.4	 0.4	 0.4	 0.4	 0.4	 0.3	 0.2	 0.3	 0.3	4	2025-07-26 23:14:19.687735	2025-07-26 23:14:58.184788	0:00:38.497053	0.8991752933628603	0.9000072523273385	0.929004329004329	0.9266301504239871	0.8461538461538463	
0	2	5	 1	 0.2	 0.2	 0.4	 0.4	 0.4	 0.4	 0.4	 0.3	 0.2	 0.3	 0.3	5	2025-07-26 23:14:19.687735	2025-07-26 23:14:58.424355	0:00:38.736620	0.8991752933628603	0.9000072523273385	0.929004329004329	0.9266301504239871	0.8461538461538463	
0	2	5	 1	 0.2	 0.2	 0.4	 0.4	 0.4	 0.4	 0.4	 0.3	 0.2	 0.3	 0.3	6	2025-07-26 23:14:19.687735	2025-07-26 23:14:59.121528	0:00:39.433793	0.8991752933628603	0.9000072523273385	0.929004329004329	0.9266301504239871	0.8461538461538463	
0	0	5	 1	 0.2	 0.2	 0.2	 0.2	 0.2	 0.2	 0.1	 0.1	 0.2	 0.1	 0.1	6	2025-07-26 23:14:17.379080	2025-07-26 23:14:59.310340	0:00:41.931260	0.8991752933628603	0.9000072523273385	0.929004329004329	0.9266301504239871	0.8461538461538463	
0	2	5	 1	 0.2	 0.2	 0.4	 0.4	 0.4	 0.4	 0.4	 0.3	 0.2	 0.3	 0.3	7	2025-07-26 23:14:19.687735	2025-07-26 23:14:59.324157	0:00:39.636422	0.8991752933628603	0.9000072523273385	0.929004329004329	0.9266301504239871	0.8461538461538463	
0	0	5	 1	 0.2	 0.2	 0.2	 0.2	 0.2	 0.2	 0.1	 0.1	 0.2	 0.1	 0.1	7	2025-07-26 23:14:17.379080	2025-07-26 23:14:59.506296	0:00:42.127216	0.8991752933628603	0.9000072523273385	0.929004329004329	0.9266301504239871	0.8461538461538463	
0	2	5	 1	 0.2	 0.2	 0.4	 0.4	 0.4	 0.4	 0.4	 0.3	 0.2	 0.3	 0.3	8	2025-07-26 23:14:19.687735	2025-07-26 23:14:59.769753	0:00:40.082018	0.8991752933628603	0.9000072523273385	0.929004329004329	0.9266301504239871	0.8461538461538463	
0	2	5	 1	 0.2	 0.2	 0.4	 0.4	 0.4	 0.4	 0.4	 0.3	 0.2	 0.3	 0.3	9	2025-07-26 23:14:19.687735	2025-07-26 23:15:00.027446	0:00:40.339711	0.8991752933628603	0.9000072523273385	0.929004329004329	0.9266301504239871	0.8461538461538463	
0	1	5	 1	 0.2	 0.2	 0.3	 0.3	 0.3	 0.3	 0.1	 0.2	 0.2	 0.2	 0.2	5	2025-07-26 23:14:18.484287	2025-07-26 23:15:00.244412	0:00:41.760125	0.8991752933628603	0.9000072523273385	0.929004329004329	0.9266301504239871	0.8461538461538463	
0	3	5	 1	 0.2	 0.2	 0.2	 0.2	 0.3	 0.2	 0.4	 0.2	 0.2	 0.1	 0.1	2	2025-07-26 23:14:20.935390	2025-07-26 23:15:00.299679	0:00:39.364289	0.8991752933628603	0.9000072523273385	0.929004329004329	0.9266301504239871	0.8461538461538463	
0	1	5	 1	 0.2	 0.2	 0.3	 0.3	 0.3	 0.3	 0.1	 0.2	 0.2	 0.2	 0.2	6	2025-07-26 23:14:18.484287	2025-07-26 23:15:00.464984	0:00:41.980697	0.8991752933628603	0.9000072523273385	0.929004329004329	0.9266301504239871	0.8461538461538463	
0	3	5	 1	 0.2	 0.2	 0.2	 0.2	 0.3	 0.2	 0.4	 0.2	 0.2	 0.1	 0.1	3	2025-07-26 23:14:20.935390	2025-07-26 23:15:00.515142	0:00:39.579752	0.8991752933628603	0.9000072523273385	0.929004329004329	0.9266301504239871	0.8461538461538463	
0	1	5	 1	 0.2	 0.2	 0.3	 0.3	 0.3	 0.3	 0.1	 0.2	 0.2	 0.2	 0.2	7	2025-07-26 23:14:18.484287	2025-07-26 23:15:00.703449	0:00:42.219162	0.8991752933628603	0.9000072523273385	0.929004329004329	0.9266301504239871	0.8461538461538463	
0	1	5	 1	 0.2	 0.2	 0.3	 0.3	 0.3	 0.3	 0.1	 0.2	 0.2	 0.2	 0.2	8	2025-07-26 23:14:18.484287	2025-07-26 23:15:00.927492	0:00:42.443205	0.8991752933628603	0.9000072523273385	0.929004329004329	0.9266301504239871	0.8461538461538463	
0	1	5	 1	 0.2	 0.2	 0.3	 0.3	 0.3	 0.3	 0.1	 0.2	 0.2	 0.2	 0.2	9	2025-07-26 23:14:18.484287	2025-07-26 23:15:01.124121	0:00:42.639834	0.8991752933628603	0.9000072523273385	0.929004329004329	0.9266301504239871	0.8461538461538463	
0	1	5	 1	 0.2	 0.2	 0.3	 0.3	 0.3	 0.3	 0.1	 0.2	 0.2	 0.2	 0.2	10	2025-07-26 23:14:18.484287	2025-07-26 23:15:01.682536	0:00:43.198249	0.8991752933628603	0.9000072523273385	0.929004329004329	0.9266301504239871	0.8461538461538463	
0	0	5	 1	 0.2	 0.2	 0.2	 0.2	 0.2	 0.2	 0.1	 0.1	 0.2	 0.1	 0.1	8	2025-07-26 23:14:17.379080	2025-07-26 23:15:03.082627	0:00:45.703547	0.8991752933628603	0.9000072523273385	0.929004329004329	0.9266301504239871	0.8461538461538463	
0	0	5	 1	 0.2	 0.2	 0.2	 0.2	 0.2	 0.2	 0.1	 0.1	 0.2	 0.1	 0.1	9	2025-07-26 23:14:17.379080	2025-07-26 23:15:03.266855	0:00:45.887775	0.8991752933628603	0.9000072523273385	0.929004329004329	0.9266301504239871	0.8461538461538463	
0	2	5	 1	 0.2	 0.2	 0.4	 0.4	 0.4	 0.4	 0.4	 0.3	 0.2	 0.3	 0.3	10	2025-07-26 23:14:19.687735	2025-07-26 23:15:03.335506	0:00:43.647771	0.8991752933628603	0.9000072523273385	0.929004329004329	0.9266301504239871	0.8461538461538463	
0	0	5	 1	 0.2	 0.2	 0.2	 0.2	 0.2	 0.2	 0.1	 0.1	 0.2	 0.1	 0.1	10	2025-07-26 23:14:17.379080	2025-07-26 23:15:03.460644	0:00:46.081564	0.8991752933628603	0.9000072523273385	0.929004329004329	0.9266301504239871	0.8461538461538463	
0	3	5	 1	 0.2	 0.2	 0.2	 0.2	 0.3	 0.2	 0.4	 0.2	 0.2	 0.1	 0.1	4	2025-07-26 23:14:20.935390	2025-07-26 23:15:03.621781	0:00:42.686391	0.8991752933628603	0.9000072523273385	0.929004329004329	0.9266301504239871	0.8461538461538463	
0	0	5	 1	 0.2	 0.2	 0.2	 0.2	 0.2	 0.2	 0.1	 0.1	 0.2	 0.1	 0.1	11	2025-07-26 23:14:17.379080	2025-07-26 23:15:03.654722	0:00:46.275642	0.8991752933628603	0.9000072523273385	0.929004329004329	0.9266301504239871	0.8461538461538463	
0	3	5	 1	 0.2	 0.2	 0.2	 0.2	 0.3	 0.2	 0.4	 0.2	 0.2	 0.1	 0.1	5	2025-07-26 23:14:20.935390	2025-07-26 23:15:03.794324	0:00:42.858934	0.8991752933628603	0.9000072523273385	0.929004329004329	0.9266301504239871	0.8461538461538463	
0	2	5	 1	 0.2	 0.2	 0.4	 0.4	 0.4	 0.4	 0.4	 0.3	 0.2	 0.3	 0.3	11	2025-07-26 23:14:19.687735	2025-07-26 23:15:03.848650	0:00:44.160915	0.8991752933628603	0.9000072523273385	0.929004329004329	0.9266301504239871	0.8461538461538463	
0	0	5	 1	 0.2	 0.2	 0.2	 0.2	 0.2	 0.2	 0.1	 0.1	 0.2	 0.1	 0.1	12	2025-07-26 23:14:17.379080	2025-07-26 23:15:03.853744	0:00:46.474664	0.8991752933628603	0.9000072523273385	0.929004329004329	0.9266301504239871	0.8461538461538463	
0	3	5	 1	 0.2	 0.2	 0.2	 0.2	 0.3	 0.2	 0.4	 0.2	 0.2	 0.1	 0.1	6	2025-07-26 23:14:20.935390	2025-07-26 23:15:04.093487	0:00:43.158097	0.8991752933628603	0.9000072523273385	0.929004329004329	0.9266301504239871	0.8461538461538463	
0	3	5	 1	 0.2	 0.2	 0.2	 0.2	 0.3	 0.2	 0.4	 0.2	 0.2	 0.1	 0.1	7	2025-07-26 23:14:20.935390	2025-07-26 23:15:04.414240	0:00:43.478850	0.8991752933628603	0.9000072523273385	0.929004329004329	0.9266301504239871	0.8461538461538463	
0	1	5	 1	 0.2	 0.2	 0.3	 0.3	 0.3	 0.3	 0.1	 0.2	 0.2	 0.2	 0.2	11	2025-07-26 23:14:18.484287	2025-07-26 23:15:04.648572	0:00:46.164285	0.9065554797487088	0.8995703620276451	0.9300072306579898	0.9332211177304215	0.8666666666666667	
0	2	5	 1	 0.2	 0.2	 0.4	 0.4	 0.4	 0.4	 0.4	 0.3	 0.2	 0.3	 0.3	12	2025-07-26 23:14:19.687735	2025-07-26 23:15:04.669082	0:00:44.981347	0.9065554797487088	0.8995703620276451	0.9300072306579898	0.9332211177304215	0.8666666666666667	
0	1	5	 1	 0.2	 0.2	 0.3	 0.3	 0.3	 0.3	 0.1	 0.2	 0.2	 0.2	 0.2	12	2025-07-26 23:14:18.484287	2025-07-26 23:15:05.247171	0:00:46.762884	0.9065554797487088	0.8995703620276451	0.9300072306579898	0.9332211177304215	0.8666666666666667	
0	2	5	 1	 0.2	 0.2	 0.4	 0.4	 0.4	 0.4	 0.4	 0.3	 0.2	 0.3	 0.3	13	2025-07-26 23:14:19.687735	2025-07-26 23:15:05.334974	0:00:45.647239	0.9065554797487088	0.8995703620276451	0.9300072306579898	0.9332211177304215	0.8666666666666667	
0	2	5	 1	 0.2	 0.2	 0.4	 0.4	 0.4	 0.4	 0.4	 0.3	 0.2	 0.3	 0.3	14	2025-07-26 23:14:19.687735	2025-07-26 23:15:05.511102	0:00:45.823367	0.9065554797487088	0.8995703620276451	0.9300072306579898	0.9332211177304215	0.8666666666666667	
0	1	5	 1	 0.2	 0.2	 0.3	 0.3	 0.3	 0.3	 0.1	 0.2	 0.2	 0.2	 0.2	13	2025-07-26 23:14:18.484287	2025-07-26 23:15:05.427012	0:00:46.942725	0.9065554797487088	0.8995703620276451	0.9300072306579898	0.9332211177304215	0.8666666666666667	
0	2	5	 1	 0.2	 0.2	 0.4	 0.4	 0.4	 0.4	 0.4	 0.3	 0.2	 0.3	 0.3	15	2025-07-26 23:14:19.687735	2025-07-26 23:15:05.714295	0:00:46.026560	0.9065554797487088	0.8995703620276451	0.9300072306579898	0.9332211177304215	0.8666666666666667	
0	2	5	 1	 0.2	 0.2	 0.4	 0.4	 0.4	 0.4	 0.4	 0.3	 0.2	 0.3	 0.3	16	2025-07-26 23:14:19.687735	2025-07-26 23:15:05.899498	0:00:46.211763	0.9065554797487088	0.8995703620276451	0.9300072306579898	0.9332211177304215	0.8666666666666667	
0	1	5	 1	 0.2	 0.2	 0.3	 0.3	 0.3	 0.3	 0.1	 0.2	 0.2	 0.2	 0.2	14	2025-07-26 23:14:18.484287	2025-07-26 23:15:06.207734	0:00:47.723447	0.9065554797487088	0.8995703620276451	0.9300072306579898	0.9332211177304215	0.8666666666666667	
0	0	5	 1	 0.2	 0.2	 0.2	 0.2	 0.2	 0.2	 0.1	 0.1	 0.2	 0.1	 0.1	13	2025-07-26 23:14:17.379080	2025-07-26 23:15:06.545121	0:00:49.166041	0.9065554797487088	0.8995703620276451	0.9300072306579898	0.9332211177304215	0.8666666666666667	
0	0	5	 1	 0.2	 0.2	 0.2	 0.2	 0.2	 0.2	 0.1	 0.1	 0.2	 0.1	 0.1	14	2025-07-26 23:14:17.379080	2025-07-26 23:15:06.743474	0:00:49.364394	0.9065554797487088	0.8995703620276451	0.9300072306579898	0.9332211177304215	0.8666666666666667	
0	1	5	 1	 0.2	 0.2	 0.3	 0.3	 0.3	 0.3	 0.1	 0.2	 0.2	 0.2	 0.2	15	2025-07-26 23:14:18.484287	2025-07-26 23:15:06.796942	0:00:48.312655	0.9065554797487088	0.8995703620276451	0.9300072306579898	0.9332211177304215	0.8666666666666667	
0	0	5	 1	 0.2	 0.2	 0.2	 0.2	 0.2	 0.2	 0.1	 0.1	 0.2	 0.1	 0.1	15	2025-07-26 23:14:17.379080	2025-07-26 23:15:06.948572	0:00:49.569492	0.9065554797487088	0.8995703620276451	0.9300072306579898	0.9332211177304215	0.8666666666666667	
0	1	5	 1	 0.2	 0.2	 0.3	 0.3	 0.3	 0.3	 0.1	 0.2	 0.2	 0.2	 0.2	16	2025-07-26 23:14:18.484287	2025-07-26 23:15:07.011885	0:00:48.527598	0.9065554797487088	0.8995703620276451	0.9300072306579898	0.9332211177304215	0.8666666666666667	
0	0	5	 1	 0.2	 0.2	 0.2	 0.2	 0.2	 0.2	 0.1	 0.1	 0.2	 0.1	 0.1	16	2025-07-26 23:14:17.379080	2025-07-26 23:15:07.138575	0:00:49.759495	0.9065554797487088	0.8995703620276451	0.9300072306579898	0.9332211177304215	0.8666666666666667	
0	1	5	 1	 0.2	 0.2	 0.3	 0.3	 0.3	 0.3	 0.1	 0.2	 0.2	 0.2	 0.2	17	2025-07-26 23:14:18.484287	2025-07-26 23:15:07.188013	0:00:48.703726	0.9065554797487088	0.8995703620276451	0.9300072306579898	0.9332211177304215	0.8666666666666667	
0	1	5	 1	 0.2	 0.2	 0.3	 0.3	 0.3	 0.3	 0.1	 0.2	 0.2	 0.2	 0.2	18	2025-07-26 23:14:18.484287	2025-07-26 23:15:07.402785	0:00:48.918498	0.9065554797487088	0.8995703620276451	0.9300072306579898	0.9332211177304215	0.8666666666666667	
0	0	5	 1	 0.2	 0.2	 0.2	 0.2	 0.2	 0.2	 0.1	 0.1	 0.2	 0.1	 0.1	17	2025-07-26 23:14:17.379080	2025-07-26 23:15:07.404786	0:00:50.025706	0.9065554797487088	0.8995703620276451	0.9300072306579898	0.9332211177304215	0.8666666666666667	
0	1	5	 1	 0.2	 0.2	 0.3	 0.3	 0.3	 0.3	 0.1	 0.2	 0.2	 0.2	 0.2	19	2025-07-26 23:14:18.484287	2025-07-26 23:15:07.590949	0:00:49.106662	0.9065554797487088	0.8995703620276451	0.9300072306579898	0.9332211177304215	0.8666666666666667	
0	2	5	 1	 0.2	 0.2	 0.4	 0.4	 0.4	 0.4	 0.4	 0.3	 0.2	 0.3	 0.3	17	2025-07-26 23:14:19.687735	2025-07-26 23:15:07.617118	0:00:47.929383	0.9065554797487088	0.8995703620276451	0.9300072306579898	0.9332211177304215	0.8666666666666667	
0	0	5	 1	 0.2	 0.2	 0.2	 0.2	 0.2	 0.2	 0.1	 0.1	 0.2	 0.1	 0.1	18	2025-07-26 23:14:17.379080	2025-07-26 23:15:07.831367	0:00:50.452287	0.9065554797487088	0.8995703620276451	0.9300072306579898	0.9332211177304215	0.8666666666666667	
0	2	5	 1	 0.2	 0.2	 0.4	 0.4	 0.4	 0.4	 0.4	 0.3	 0.2	 0.3	 0.3	18	2025-07-26 23:14:19.687735	2025-07-26 23:15:08.139056	0:00:48.451321	0.9065554797487088	0.8995703620276451	0.9300072306579898	0.9332211177304215	0.8666666666666667	
0	1	5	 1	 0.2	 0.2	 0.3	 0.3	 0.3	 0.3	 0.1	 0.2	 0.2	 0.2	 0.2	20	2025-07-26 23:14:18.484287	2025-07-26 23:15:08.170463	0:00:49.686176	0.9065554797487088	0.8995703620276451	0.9300072306579898	0.9332211177304215	0.8666666666666667	
0	3	5	 1	 0.2	 0.2	 0.2	 0.2	 0.3	 0.2	 0.4	 0.2	 0.2	 0.1	 0.1	8	2025-07-26 23:14:20.935390	2025-07-26 23:15:08.289808	0:00:47.354418	0.9065554797487088	0.8995703620276451	0.9300072306579898	0.9332211177304215	0.8666666666666667	
0	3	5	 1	 0.2	 0.2	 0.2	 0.2	 0.3	 0.2	 0.4	 0.2	 0.2	 0.1	 0.1	9	2025-07-26 23:14:20.935390	2025-07-26 23:15:08.462437	0:00:47.527047	0.9065554797487088	0.8995703620276451	0.9300072306579898	0.9332211177304215	0.8666666666666667	
0	0	5	 1	 0.2	 0.2	 0.2	 0.2	 0.2	 0.2	 0.1	 0.1	 0.2	 0.1	 0.1	19	2025-07-26 23:14:17.379080	2025-07-26 23:15:08.518120	0:00:51.139040	0.9065554797487088	0.8995703620276451	0.9300072306579898	0.9332211177304215	0.8666666666666667	
0	2	5	 1	 0.2	 0.2	 0.4	 0.4	 0.4	 0.4	 0.4	 0.3	 0.2	 0.3	 0.3	19	2025-07-26 23:14:19.687735	2025-07-26 23:15:08.536422	0:00:48.848687	0.9065554797487088	0.8995703620276451	0.9300072306579898	0.9332211177304215	0.8666666666666667	
0	1	5	 1	 0.2	 0.2	 0.3	 0.3	 0.3	 0.3	 0.1	 0.2	 0.2	 0.2	 0.2	21	2025-07-26 23:14:18.484287	2025-07-26 23:15:08.611181	0:00:50.126894	0.9065554797487088	0.8995703620276451	0.9300072306579898	0.9332211177304215	0.8666666666666667	
0	3	5	 1	 0.2	 0.2	 0.2	 0.2	 0.3	 0.2	 0.4	 0.2	 0.2	 0.1	 0.1	10	2025-07-26 23:14:20.935390	2025-07-26 23:15:09.042402	0:00:48.107012	0.9065554797487088	0.8995703620276451	0.9300072306579898	0.9332211177304215	0.8666666666666667	
0	0	5	 1	 0.2	 0.2	 0.2	 0.2	 0.2	 0.2	 0.1	 0.1	 0.2	 0.1	 0.1	20	2025-07-26 23:14:17.379080	2025-07-26 23:15:09.124761	0:00:51.745681	0.9065554797487088	0.8995703620276451	0.9300072306579898	0.9332211177304215	0.8666666666666667	
0	2	5	 1	 0.2	 0.2	 0.4	 0.4	 0.4	 0.4	 0.4	 0.3	 0.2	 0.3	 0.3	20	2025-07-26 23:14:19.687735	2025-07-26 23:15:09.253058	0:00:49.565323	0.9065554797487088	0.8995703620276451	0.9300072306579898	0.9332211177304215	0.8666666666666667	
0	3	5	 1	 0.2	 0.2	 0.2	 0.2	 0.3	 0.2	 0.4	 0.2	 0.2	 0.1	 0.1	11	2025-07-26 23:14:20.935390	2025-07-26 23:15:09.779403	0:00:48.844013	0.9065554797487088	0.8995703620276451	0.9300072306579898	0.9332211177304215	0.8666666666666667	
0	3	5	 1	 0.2	 0.2	 0.2	 0.2	 0.3	 0.2	 0.4	 0.2	 0.2	 0.1	 0.1	12	2025-07-26 23:14:20.935390	2025-07-26 23:15:09.993625	0:00:49.058235	0.9065554797487088	0.8995703620276451	0.9300072306579898	0.9332211177304215	0.8666666666666667	
0	3	5	 1	 0.2	 0.2	 0.2	 0.2	 0.3	 0.2	 0.4	 0.2	 0.2	 0.1	 0.1	13	2025-07-26 23:14:20.935390	2025-07-26 23:15:10.899603	0:00:49.964213	0.9065554797487088	0.8995703620276451	0.9300072306579898	0.9332211177304215	0.8666666666666667	
0	1	5	 1	 0.2	 0.2	 0.3	 0.3	 0.3	 0.3	 0.1	 0.2	 0.2	 0.2	 0.2	22	2025-07-26 23:14:18.484287	2025-07-26 23:15:11.709892	0:00:53.225605	0.9065554797487088	0.8995703620276451	0.9300072306579898	0.9332211177304215	0.8666666666666667	
0	3	5	 1	 0.2	 0.2	 0.2	 0.2	 0.3	 0.2	 0.4	 0.2	 0.2	 0.1	 0.1	14	2025-07-26 23:14:20.935390	2025-07-26 23:15:11.801302	0:00:50.865912	0.9065554797487088	0.8995703620276451	0.9300072306579898	0.9332211177304215	0.8666666666666667	
0	0	5	 1	 0.2	 0.2	 0.2	 0.2	 0.2	 0.2	 0.1	 0.1	 0.2	 0.1	 0.1	21	2025-07-26 23:14:17.379080	2025-07-26 23:15:11.965382	0:00:54.586302	0.9065554797487088	0.8995703620276451	0.9300072306579898	0.9332211177304215	0.8666666666666667	
0	0	5	 1	 0.2	 0.2	 0.2	 0.2	 0.2	 0.2	 0.1	 0.1	 0.2	 0.1	 0.1	22	2025-07-26 23:14:17.379080	2025-07-26 23:15:12.166490	0:00:54.787410	0.9065554797487088	0.8995703620276451	0.9300072306579898	0.9332211177304215	0.8666666666666667	
0	2	5	 1	 0.2	 0.2	 0.4	 0.4	 0.4	 0.4	 0.4	 0.3	 0.2	 0.3	 0.3	21	2025-07-26 23:14:19.687735	2025-07-26 23:15:12.188095	0:00:52.500360	0.9065554797487088	0.8995703620276451	0.9300072306579898	0.9332211177304215	0.8666666666666667	
0	3	5	 1	 0.2	 0.2	 0.2	 0.2	 0.3	 0.2	 0.4	 0.2	 0.2	 0.1	 0.1	15	2025-07-26 23:14:20.935390	2025-07-26 23:15:12.388615	0:00:51.453225	0.9065554797487088	0.8995703620276451	0.9300072306579898	0.9332211177304215	0.8666666666666667	
0	1	5	 1	 0.2	 0.2	 0.3	 0.3	 0.3	 0.3	 0.1	 0.2	 0.2	 0.2	 0.2	23	2025-07-26 23:14:18.484287	2025-07-26 23:15:12.524194	0:00:54.039907	0.9065554797487088	0.8995703620276451	0.9300072306579898	0.9332211177304215	0.8666666666666667	
0	0	5	 1	 0.2	 0.2	 0.2	 0.2	 0.2	 0.2	 0.1	 0.1	 0.2	 0.1	 0.1	23	2025-07-26 23:14:17.379080	2025-07-26 23:15:12.739079	0:00:55.359999	0.9065554797487088	0.8995703620276451	0.9300072306579898	0.9332211177304215	0.8666666666666667	
0	2	5	 1	 0.2	 0.2	 0.4	 0.4	 0.4	 0.4	 0.4	 0.3	 0.2	 0.3	 0.3	22	2025-07-26 23:14:19.687735	2025-07-26 23:15:13.020468	0:00:53.332733	0.9065554797487088	0.8995703620276451	0.9300072306579898	0.9332211177304215	0.8666666666666667	
0	2	5	 1	 0.2	 0.2	 0.4	 0.4	 0.4	 0.4	 0.4	 0.3	 0.2	 0.3	 0.3	23	2025-07-26 23:14:19.687735	2025-07-26 23:15:13.958821	0:00:54.271086	0.9065554797487088	0.8995703620276451	0.9300072306579898	0.9332211177304215	0.8666666666666667	
0	2	5	 1	 0.2	 0.2	 0.4	 0.4	 0.4	 0.4	 0.4	 0.3	 0.2	 0.3	 0.3	24	2025-07-26 23:14:19.687735	2025-07-26 23:15:14.438650	0:00:54.750915	0.9065554797487088	0.8995703620276451	0.9300072306579898	0.9332211177304215	0.8666666666666667	
0	2	5	 1	 0.2	 0.2	 0.4	 0.4	 0.4	 0.4	 0.4	 0.3	 0.2	 0.3	 0.3	25	2025-07-26 23:14:19.687735	2025-07-26 23:15:14.615694	0:00:54.927959	0.9065554797487088	0.8995703620276451	0.9300072306579898	0.9332211177304215	0.8666666666666667	
0	3	5	 1	 0.2	 0.2	 0.2	 0.2	 0.3	 0.2	 0.4	 0.2	 0.2	 0.1	 0.1	16	2025-07-26 23:14:20.935390	2025-07-26 23:15:15.407868	0:00:54.472478	0.9065554797487088	0.8995703620276451	0.9300072306579898	0.9332211177304215	0.8666666666666667	
0	2	5	 1	 0.2	 0.2	 0.4	 0.4	 0.4	 0.4	 0.4	 0.3	 0.2	 0.3	 0.3	26	2025-07-26 23:14:19.687735	2025-07-26 23:15:15.397652	0:00:55.709917	0.9065554797487088	0.8995703620276451	0.9300072306579898	0.9332211177304215	0.8666666666666667	
0	0	5	 1	 0.2	 0.2	 0.2	 0.2	 0.2	 0.2	 0.1	 0.1	 0.2	 0.1	 0.1	24	2025-07-26 23:14:17.379080	2025-07-26 23:15:15.697072	0:00:58.317992	0.9065554797487088	0.8995703620276451	0.9300072306579898	0.9332211177304215	0.8666666666666667	
0	1	5	 1	 0.2	 0.2	 0.3	 0.3	 0.3	 0.3	 0.1	 0.2	 0.2	 0.2	 0.2	24	2025-07-26 23:14:18.484287	2025-07-26 23:15:15.700177	0:00:57.215890	0.9065554797487088	0.8995703620276451	0.9300072306579898	0.9332211177304215	0.8666666666666667	
0	0	5	 1	 0.2	 0.2	 0.2	 0.2	 0.2	 0.2	 0.1	 0.1	 0.2	 0.1	 0.1	25	2025-07-26 23:14:17.379080	2025-07-26 23:15:15.908106	0:00:58.529026	0.9065554797487088	0.8995703620276451	0.9300072306579898	0.9332211177304215	0.8666666666666667	
0	3	5	 1	 0.2	 0.2	 0.2	 0.2	 0.3	 0.2	 0.4	 0.2	 0.2	 0.1	 0.1	17	2025-07-26 23:14:20.935390	2025-07-26 23:15:15.907100	0:00:54.971710	0.9065554797487088	0.8995703620276451	0.9300072306579898	0.9332211177304215	0.8666666666666667	
0	2	5	 1	 0.2	 0.2	 0.4	 0.4	 0.4	 0.4	 0.4	 0.3	 0.2	 0.3	 0.3	27	2025-07-26 23:14:19.687735	2025-07-26 23:15:15.996510	0:00:56.308775	0.9065554797487088	0.8995703620276451	0.9300072306579898	0.9332211177304215	0.8666666666666667	
0	0	5	 1	 0.2	 0.2	 0.2	 0.2	 0.2	 0.2	 0.1	 0.1	 0.2	 0.1	 0.1	26	2025-07-26 23:14:17.379080	2025-07-26 23:15:16.120048	0:00:58.740968	0.9065554797487088	0.8995703620276451	0.9300072306579898	0.9332211177304215	0.8666666666666667	
0	2	5	 1	 0.2	 0.2	 0.4	 0.4	 0.4	 0.4	 0.4	 0.3	 0.2	 0.3	 0.3	28	2025-07-26 23:14:19.687735	2025-07-26 23:15:16.211074	0:00:56.523339	0.9065554797487088	0.8995703620276451	0.9300072306579898	0.9332211177304215	0.8666666666666667	
0	3	5	 1	 0.2	 0.2	 0.2	 0.2	 0.3	 0.2	 0.4	 0.2	 0.2	 0.1	 0.1	18	2025-07-26 23:14:20.935390	2025-07-26 23:15:16.229384	0:00:55.293994	0.9065554797487088	0.8995703620276451	0.9300072306579898	0.9332211177304215	0.8666666666666667	
0	0	5	 1	 0.2	 0.2	 0.2	 0.2	 0.2	 0.2	 0.1	 0.1	 0.2	 0.1	 0.1	27	2025-07-26 23:14:17.379080	2025-07-26 23:15:16.311681	0:00:58.932601	0.9065554797487088	0.8995703620276451	0.9300072306579898	0.9332211177304215	0.8666666666666667	
0	0	5	 1	 0.2	 0.2	 0.2	 0.2	 0.2	 0.2	 0.1	 0.1	 0.2	 0.1	 0.1	28	2025-07-26 23:14:17.379080	2025-07-26 23:15:16.516802	0:00:59.137722	0.9065554797487088	0.8995703620276451	0.9300072306579898	0.9332211177304215	0.8666666666666667	
0	0	5	 1	 0.2	 0.2	 0.2	 0.2	 0.2	 0.2	 0.1	 0.1	 0.2	 0.1	 0.1	29	2025-07-26 23:14:17.379080	2025-07-26 23:15:16.697546	0:00:59.318466	0.9065554797487088	0.8995703620276451	0.9300072306579898	0.9332211177304215	0.8666666666666667	
0	3	5	 1	 0.2	 0.2	 0.2	 0.2	 0.3	 0.2	 0.4	 0.2	 0.2	 0.1	 0.1	19	2025-07-26 23:14:20.935390	2025-07-26 23:15:16.802263	0:00:55.866873	0.9065554797487088	0.8995703620276451	0.9300072306579898	0.9332211177304215	0.8666666666666667	
0	0	5	 1	 0.2	 0.2	 0.2	 0.2	 0.2	 0.2	 0.1	 0.1	 0.2	 0.1	 0.1	30	2025-07-26 23:14:17.379080	2025-07-26 23:15:16.903418	0:00:59.524338	0.9065554797487088	0.8995703620276451	0.9300072306579898	0.9332211177304215	0.8666666666666667	
0	3	5	 1	 0.2	 0.2	 0.2	 0.2	 0.3	 0.2	 0.4	 0.2	 0.2	 0.1	 0.1	20	2025-07-26 23:14:20.935390	2025-07-26 23:15:17.011633	0:00:56.076243	0.9065554797487088	0.8995703620276451	0.9300072306579898	0.9332211177304215	0.8666666666666667	
0	0	5	 1	 0.2	 0.2	 0.2	 0.2	 0.2	 0.2	 0.1	 0.1	 0.2	 0.1	 0.1	31	2025-07-26 23:14:17.379080	2025-07-26 23:15:17.129765	0:00:59.750685	0.9065554797487088	0.8995703620276451	0.9300072306579898	0.9332211177304215	0.8666666666666667	
0	3	5	 1	 0.2	 0.2	 0.2	 0.2	 0.3	 0.2	 0.4	 0.2	 0.2	 0.1	 0.1	21	2025-07-26 23:14:20.935390	2025-07-26 23:15:17.198136	0:00:56.262746	0.9065554797487088	0.8995703620276451	0.9300072306579898	0.9332211177304215	0.8666666666666667	
0	0	5	 1	 0.2	 0.2	 0.2	 0.2	 0.2	 0.2	 0.1	 0.1	 0.2	 0.1	 0.1	32	2025-07-26 23:14:17.379080	2025-07-26 23:15:17.327814	0:00:59.948734	0.9065554797487088	0.8995703620276451	0.9300072306579898	0.9332211177304215	0.8666666666666667	
0	2	5	 1	 0.2	 0.2	 0.4	 0.4	 0.4	 0.4	 0.4	 0.3	 0.2	 0.3	 0.3	29	2025-07-26 23:14:19.687735	2025-07-26 23:15:17.459555	0:00:57.771820	0.9065554797487088	0.8995703620276451	0.9300072306579898	0.9332211177304215	0.8666666666666667	
0	0	5	 1	 0.2	 0.2	 0.2	 0.2	 0.2	 0.2	 0.1	 0.1	 0.2	 0.1	 0.1	33	2025-07-26 23:14:17.379080	2025-07-26 23:15:17.524016	0:01:00.144936	0.9065554797487088	0.8995703620276451	0.9300072306579898	0.9332211177304215	0.8666666666666667	
0	0	5	 1	 0.2	 0.2	 0.2	 0.2	 0.2	 0.2	 0.1	 0.1	 0.2	 0.1	 0.1	34	2025-07-26 23:14:17.379080	2025-07-26 23:15:17.715099	0:01:00.336019	0.9065554797487088	0.8995703620276451	0.9300072306579898	0.9332211177304215	0.8666666666666667	
0	0	5	 1	 0.2	 0.2	 0.2	 0.2	 0.2	 0.2	 0.1	 0.1	 0.2	 0.1	 0.1	35	2025-07-26 23:14:17.379080	2025-07-26 23:15:17.889018	0:01:00.509938	0.9065554797487088	0.8995703620276451	0.9300072306579898	0.9332211177304215	0.8666666666666667	
0	3	5	 1	 0.2	 0.2	 0.2	 0.2	 0.3	 0.2	 0.4	 0.2	 0.2	 0.1	 0.1	22	2025-07-26 23:14:20.935390	2025-07-26 23:15:17.874616	0:00:56.939226	0.9065554797487088	0.8995703620276451	0.9300072306579898	0.9332211177304215	0.8666666666666667	
0	3	5	 1	 0.2	 0.2	 0.2	 0.2	 0.3	 0.2	 0.4	 0.2	 0.2	 0.1	 0.1	23	2025-07-26 23:14:20.935390	2025-07-26 23:15:18.135736	0:00:57.200346	0.9065554797487088	0.8995703620276451	0.9300072306579898	0.9332211177304215	0.8666666666666667	
0	2	5	 1	 0.2	 0.2	 0.4	 0.4	 0.4	 0.4	 0.4	 0.3	 0.2	 0.3	 0.3	30	2025-07-26 23:14:19.687735	2025-07-26 23:15:18.268866	0:00:58.581131	0.9065554797487088	0.8995703620276451	0.9300072306579898	0.9332211177304215	0.8666666666666667	
0	2	5	 1	 0.2	 0.2	 0.4	 0.4	 0.4	 0.4	 0.4	 0.3	 0.2	 0.3	 0.3	31	2025-07-26 23:14:19.687735	2025-07-26 23:15:18.466816	0:00:58.779081	0.9065554797487088	0.8995703620276451	0.9300072306579898	0.9332211177304215	0.8666666666666667	
0	3	5	 1	 0.2	 0.2	 0.2	 0.2	 0.3	 0.2	 0.4	 0.2	 0.2	 0.1	 0.1	24	2025-07-26 23:14:20.935390	2025-07-26 23:15:18.457610	0:00:57.522220	0.9065554797487088	0.8995703620276451	0.9300072306579898	0.9332211177304215	0.8666666666666667	
0	1	5	 1	 0.2	 0.2	 0.3	 0.3	 0.3	 0.3	 0.1	 0.2	 0.2	 0.2	 0.2	25	2025-07-26 23:14:18.484287	2025-07-26 23:15:18.731322	0:01:00.247035	0.9065554797487088	0.8995703620276451	0.9300072306579898	0.9332211177304215	0.8666666666666667	
0	1	5	 1	 0.2	 0.2	 0.3	 0.3	 0.3	 0.3	 0.1	 0.2	 0.2	 0.2	 0.2	26	2025-07-26 23:14:18.484287	2025-07-26 23:15:18.909458	0:01:00.425171	0.9065554797487088	0.8995703620276451	0.9300072306579898	0.9332211177304215	0.8666666666666667	
0	0	5	 1	 0.2	 0.2	 0.2	 0.2	 0.2	 0.2	 0.1	 0.1	 0.2	 0.1	 0.1	36	2025-07-26 23:14:17.379080	2025-07-26 23:15:20.834368	0:01:03.455288	0.9065554797487088	0.8995703620276451	0.9300072306579898	0.9332211177304215	0.8666666666666667	
0	0	5	 1	 0.2	 0.2	 0.2	 0.2	 0.2	 0.2	 0.1	 0.1	 0.2	 0.1	 0.1	37	2025-07-26 23:14:17.379080	2025-07-26 23:15:21.017426	0:01:03.638346	0.9065554797487088	0.8995703620276451	0.9300072306579898	0.9332211177304215	0.8666666666666667	
0	0	5	 1	 0.2	 0.2	 0.2	 0.2	 0.2	 0.2	 0.1	 0.1	 0.2	 0.1	 0.1	38	2025-07-26 23:14:17.379080	2025-07-26 23:15:21.224282	0:01:03.845202	0.9065554797487088	0.8995703620276451	0.9300072306579898	0.9332211177304215	0.8666666666666667	
0	3	5	 1	 0.2	 0.2	 0.2	 0.2	 0.3	 0.2	 0.4	 0.2	 0.2	 0.1	 0.1	25	2025-07-26 23:14:20.935390	2025-07-26 23:15:21.305281	0:01:00.369891	0.9065554797487088	0.8995703620276451	0.9300072306579898	0.9332211177304215	0.8666666666666667	
0	1	5	 1	 0.2	 0.2	 0.3	 0.3	 0.3	 0.3	 0.1	 0.2	 0.2	 0.2	 0.2	27	2025-07-26 23:14:18.484287	2025-07-26 23:15:21.235278	0:01:02.750991	0.9065554797487088	0.8995703620276451	0.9300072306579898	0.9332211177304215	0.8666666666666667	
0	3	5	 1	 0.2	 0.2	 0.2	 0.2	 0.3	 0.2	 0.4	 0.2	 0.2	 0.1	 0.1	26	2025-07-26 23:14:20.935390	2025-07-26 23:15:21.459702	0:01:00.524312	0.9065554797487088	0.8995703620276451	0.9300072306579898	0.9332211177304215	0.8666666666666667	
0	1	5	 1	 0.2	 0.2	 0.3	 0.3	 0.3	 0.3	 0.1	 0.2	 0.2	 0.2	 0.2	28	2025-07-26 23:14:18.484287	2025-07-26 23:15:21.574299	0:01:03.090012	0.9065554797487088	0.8995703620276451	0.9300072306579898	0.9332211177304215	0.8666666666666667	
0	0	5	 1	 0.2	 0.2	 0.2	 0.2	 0.2	 0.2	 0.1	 0.1	 0.2	 0.1	 0.1	39	2025-07-26 23:14:17.379080	2025-07-26 23:15:21.412184	0:01:04.033104	0.9065554797487088	0.8995703620276451	0.9300072306579898	0.9332211177304215	0.8666666666666667	
0	2	5	 1	 0.2	 0.2	 0.4	 0.4	 0.4	 0.4	 0.4	 0.3	 0.2	 0.3	 0.3	32	2025-07-26 23:14:19.687735	2025-07-26 23:15:21.964928	0:01:02.277193	0.9065554797487088	0.8995703620276451	0.9300072306579898	0.9332211177304215	0.8666666666666667	
0	3	5	 1	 0.2	 0.2	 0.2	 0.2	 0.3	 0.2	 0.4	 0.2	 0.2	 0.1	 0.1	27	2025-07-26 23:14:20.935390	2025-07-26 23:15:22.036069	0:01:01.100679	0.9065554797487088	0.8995703620276451	0.9300072306579898	0.9332211177304215	0.8666666666666667	
0	1	5	 1	 0.2	 0.2	 0.3	 0.3	 0.3	 0.3	 0.1	 0.2	 0.2	 0.2	 0.2	29	2025-07-26 23:14:18.484287	2025-07-26 23:15:22.310649	0:01:03.826362	0.9065554797487088	0.8995703620276451	0.9300072306579898	0.9332211177304215	0.8666666666666667	
0	3	5	 1	 0.2	 0.2	 0.2	 0.2	 0.3	 0.2	 0.4	 0.2	 0.2	 0.1	 0.1	28	2025-07-26 23:14:20.935390	2025-07-26 23:15:22.369795	0:01:01.434405	0.9065554797487088	0.8995703620276451	0.9300072306579898	0.9332211177304215	0.8666666666666667	
0	1	5	 1	 0.2	 0.2	 0.3	 0.3	 0.3	 0.3	 0.1	 0.2	 0.2	 0.2	 0.2	30	2025-07-26 23:14:18.484287	2025-07-26 23:15:22.490665	0:01:04.006378	0.9065554797487088	0.8995703620276451	0.9300072306579898	0.9332211177304215	0.8666666666666667	
0	2	5	 1	 0.2	 0.2	 0.4	 0.4	 0.4	 0.4	 0.4	 0.3	 0.2	 0.3	 0.3	33	2025-07-26 23:14:19.687735	2025-07-26 23:15:22.484666	0:01:02.796931	0.9065554797487088	0.8995703620276451	0.9300072306579898	0.9332211177304215	0.8666666666666667	
0	3	5	 1	 0.2	 0.2	 0.2	 0.2	 0.3	 0.2	 0.4	 0.2	 0.2	 0.1	 0.1	29	2025-07-26 23:14:20.935390	2025-07-26 23:15:22.543666	0:01:01.608276	0.9065554797487088	0.8995703620276451	0.9300072306579898	0.9332211177304215	0.8666666666666667	
0	3	5	 1	 0.2	 0.2	 0.2	 0.2	 0.3	 0.2	 0.4	 0.2	 0.2	 0.1	 0.1	30	2025-07-26 23:14:20.935390	2025-07-26 23:15:22.770940	0:01:01.835550	0.9065554797487088	0.8995703620276451	0.9300072306579898	0.9332211177304215	0.8666666666666667	
0	2	5	 1	 0.2	 0.2	 0.4	 0.4	 0.4	 0.4	 0.4	 0.3	 0.2	 0.3	 0.3	34	2025-07-26 23:14:19.687735	2025-07-26 23:15:22.781152	0:01:03.093417	0.9065554797487088	0.8995703620276451	0.9300072306579898	0.9332211177304215	0.8666666666666667	
0	3	5	 1	 0.2	 0.2	 0.2	 0.2	 0.3	 0.2	 0.4	 0.2	 0.2	 0.1	 0.1	31	2025-07-26 23:14:20.935390	2025-07-26 23:15:22.952998	0:01:02.017608	0.9065554797487088	0.8995703620276451	0.9300072306579898	0.9332211177304215	0.8666666666666667	
0	1	5	 1	 0.2	 0.2	 0.3	 0.3	 0.3	 0.3	 0.1	 0.2	 0.2	 0.2	 0.2	31	2025-07-26 23:14:18.484287	2025-07-26 23:15:22.968351	0:01:04.484064	0.9065554797487088	0.8995703620276451	0.9300072306579898	0.9332211177304215	0.8666666666666667	
0	3	5	 1	 0.2	 0.2	 0.2	 0.2	 0.3	 0.2	 0.4	 0.2	 0.2	 0.1	 0.1	32	2025-07-26 23:14:20.935390	2025-07-26 23:15:23.133016	0:01:02.197626	0.9065554797487088	0.8995703620276451	0.9300072306579898	0.9332211177304215	0.8666666666666667	
0	1	5	 1	 0.2	 0.2	 0.3	 0.3	 0.3	 0.3	 0.1	 0.2	 0.2	 0.2	 0.2	32	2025-07-26 23:14:18.484287	2025-07-26 23:15:23.318310	0:01:04.834023	0.9065554797487088	0.8995703620276451	0.9300072306579898	0.9332211177304215	0.8666666666666667	
0	3	5	 1	 0.2	 0.2	 0.2	 0.2	 0.3	 0.2	 0.4	 0.2	 0.2	 0.1	 0.1	33	2025-07-26 23:14:20.935390	2025-07-26 23:15:23.282011	0:01:02.346621	0.9065554797487088	0.8995703620276451	0.9300072306579898	0.9332211177304215	0.8666666666666667	
0	1	5	 1	 0.2	 0.2	 0.3	 0.3	 0.3	 0.3	 0.1	 0.2	 0.2	 0.2	 0.2	33	2025-07-26 23:14:18.484287	2025-07-26 23:15:23.805525	0:01:05.321238	0.9065554797487088	0.8995703620276451	0.9300072306579898	0.9332211177304215	0.8666666666666667	
0	1	5	 1	 0.2	 0.2	 0.3	 0.3	 0.3	 0.3	 0.1	 0.2	 0.2	 0.2	 0.2	34	2025-07-26 23:14:18.484287	2025-07-26 23:15:24.295029	0:01:05.810742	0.9065554797487088	0.8995703620276451	0.9300072306579898	0.9332211177304215	0.8666666666666667	
0	1	5	 1	 0.2	 0.2	 0.3	 0.3	 0.3	 0.3	 0.1	 0.2	 0.2	 0.2	 0.2	35	2025-07-26 23:14:18.484287	2025-07-26 23:15:24.464094	0:01:05.979807	0.9065554797487088	0.8995703620276451	0.9300072306579898	0.9332211177304215	0.8666666666666667	
0	1	5	 1	 0.2	 0.2	 0.3	 0.3	 0.3	 0.3	 0.1	 0.2	 0.2	 0.2	 0.2	36	2025-07-26 23:14:18.484287	2025-07-26 23:15:24.636342	0:01:06.152055	0.9065554797487088	0.8995703620276451	0.9300072306579898	0.9332211177304215	0.8666666666666667	
0	2	5	 1	 0.2	 0.2	 0.4	 0.4	 0.4	 0.4	 0.4	 0.3	 0.2	 0.3	 0.3	35	2025-07-26 23:14:19.687735	2025-07-26 23:15:25.871336	0:01:06.183601	0.9065554797487088	0.8995703620276451	0.9300072306579898	0.9332211177304215	0.8666666666666667	
0	2	5	 1	 0.2	 0.2	 0.4	 0.4	 0.4	 0.4	 0.4	 0.3	 0.2	 0.3	 0.3	36	2025-07-26 23:14:19.687735	2025-07-26 23:15:26.250111	0:01:06.562376	0.9065554797487088	0.8995703620276451	0.9300072306579898	0.9332211177304215	0.8666666666666667	
0	3	5	 1	 0.2	 0.2	 0.2	 0.2	 0.3	 0.2	 0.4	 0.2	 0.2	 0.1	 0.1	34	2025-07-26 23:14:20.935390	2025-07-26 23:15:26.206449	0:01:05.271059	0.9065554797487088	0.8995703620276451	0.9300072306579898	0.9332211177304215	0.8666666666666667	
0	2	5	 1	 0.2	 0.2	 0.4	 0.4	 0.4	 0.4	 0.4	 0.3	 0.2	 0.3	 0.3	37	2025-07-26 23:14:19.687735	2025-07-26 23:15:28.730078	0:01:09.042343	0.9065554797487088	0.8995703620276451	0.9300072306579898	0.9332211177304215	0.8666666666666667	
0	2	5	 1	 0.2	 0.2	 0.4	 0.4	 0.4	 0.4	 0.4	 0.3	 0.2	 0.3	 0.3	38	2025-07-26 23:14:19.687735	2025-07-26 23:15:29.399508	0:01:09.711773	0.9065554797487088	0.8995703620276451	0.9300072306579898	0.9332211177304215	0.8666666666666667	
0	1	5	 1	 0.2	 0.2	 0.3	 0.3	 0.3	 0.3	 0.1	 0.2	 0.2	 0.2	 0.2	0	2025-07-26 23:16:08.535210	2025-07-26 23:16:30.499361	0:00:21.964151	0.8628807348739443	0.8319984427507925	0.9891712388102801	0.9179121481243836	0.7499999999999999	
0	0	5	 1	 0.2	 0.2	 0.2	 0.2	 0.2	 0.2	 0.1	 0.1	 0.2	 0.1	 0.1	0	2025-07-26 23:16:07.464151	2025-07-26 23:16:31.047285	0:00:23.583134	0.8685117179276494	0.8569949073695957	0.9804994388327721	0.9212429704284701	0.7499999999999999	
0	0	5	 1	 0.2	 0.2	 0.2	 0.2	 0.2	 0.2	 0.1	 0.1	 0.2	 0.1	 0.1	1	2025-07-26 23:16:07.464151	2025-07-26 23:16:31.259440	0:00:23.795289	0.8685117179276494	0.8569949073695957	0.9804994388327721	0.9212429704284701	0.7499999999999999	
0	2	5	 1	 0.2	 0.2	 0.4	 0.4	 0.4	 0.4	 0.4	 0.3	 0.2	 0.3	 0.3	0	2025-07-26 23:16:09.743820	2025-07-26 23:16:33.551121	0:00:23.807301	0.8691233867438671	0.836909289304444	0.9875802997858673	0.9266977588236218	0.7599999999999999	
0	3	5	 1	 0.2	 0.2	 0.2	 0.2	 0.3	 0.2	 0.4	 0.2	 0.2	 0.1	 0.1	0	2025-07-26 23:16:13.648698	2025-07-26 23:16:34.121036	0:00:20.472338	0.8691233867438671	0.836909289304444	0.9875802997858673	0.9266977588236218	0.7599999999999999	
0	3	5	 1	 0.2	 0.2	 0.2	 0.2	 0.3	 0.2	 0.4	 0.2	 0.2	 0.1	 0.1	1	2025-07-26 23:16:13.648698	2025-07-26 23:16:34.280137	0:00:20.631439	0.8691233867438671	0.836909289304444	0.9875802997858673	0.9266977588236218	0.7599999999999999	
0	1	5	 1	 0.2	 0.2	 0.3	 0.3	 0.3	 0.3	 0.1	 0.2	 0.2	 0.2	 0.2	1	2025-07-26 23:16:08.535210	2025-07-26 23:16:36.717197	0:00:28.181987	0.8691233867438671	0.836909289304444	0.9875802997858673	0.9266977588236218	0.7599999999999999	
0	1	5	 1	 0.2	 0.2	 0.3	 0.3	 0.3	 0.3	 0.1	 0.2	 0.2	 0.2	 0.2	2	2025-07-26 23:16:08.535210	2025-07-26 23:16:36.897882	0:00:28.362672	0.8691233867438671	0.836909289304444	0.9875802997858673	0.9266977588236218	0.7599999999999999	
0	3	5	 1	 0.2	 0.2	 0.2	 0.2	 0.3	 0.2	 0.4	 0.2	 0.2	 0.1	 0.1	2	2025-07-26 23:16:13.648698	2025-07-26 23:16:40.027230	0:00:26.378532	0.8801153460829451	0.9105576396343117	0.9497142308246482	0.9277359359948804	0.7599999999999999	
0	0	5	 1	 0.2	 0.2	 0.2	 0.2	 0.2	 0.2	 0.1	 0.1	 0.2	 0.1	 0.1	2	2025-07-26 23:16:07.464151	2025-07-26 23:16:41.506375	0:00:34.042224	0.8801153460829451	0.9105576396343117	0.9497142308246482	0.9277359359948804	0.7599999999999999	
0	3	5	 1	 0.2	 0.2	 0.2	 0.2	 0.3	 0.2	 0.4	 0.2	 0.2	 0.1	 0.1	3	2025-07-26 23:16:13.648698	2025-07-26 23:16:43.516709	0:00:29.868011	0.8801153460829451	0.9105576396343117	0.9497142308246482	0.9277359359948804	0.7599999999999999	
0	3	5	 1	 0.2	 0.2	 0.2	 0.2	 0.3	 0.2	 0.4	 0.2	 0.2	 0.1	 0.1	4	2025-07-26 23:16:13.648698	2025-07-26 23:16:43.680505	0:00:30.031807	0.8801153460829451	0.9105576396343117	0.9497142308246482	0.9277359359948804	0.7599999999999999	
0	1	5	 1	 0.2	 0.2	 0.3	 0.3	 0.3	 0.3	 0.1	 0.2	 0.2	 0.2	 0.2	3	2025-07-26 23:16:08.535210	2025-07-26 23:16:43.970281	0:00:35.435071	0.8801153460829451	0.9105576396343117	0.9497142308246482	0.9277359359948804	0.7599999999999999	
0	0	5	 1	 0.2	 0.2	 0.2	 0.2	 0.2	 0.2	 0.1	 0.1	 0.2	 0.1	 0.1	3	2025-07-26 23:16:07.464151	2025-07-26 23:16:44.105516	0:00:36.641365	0.8802836730924724	0.8571707165465741	0.9967146090384755	0.9188216396693913	0.7777777777777779	
0	1	5	 1	 0.2	 0.2	 0.3	 0.3	 0.3	 0.3	 0.1	 0.2	 0.2	 0.2	 0.2	4	2025-07-26 23:16:08.535210	2025-07-26 23:16:44.145511	0:00:35.610301	0.8802836730924724	0.8571707165465741	0.9967146090384755	0.9188216396693913	0.7777777777777779	
0	1	5	 1	 0.2	 0.2	 0.3	 0.3	 0.3	 0.3	 0.1	 0.2	 0.2	 0.2	 0.2	5	2025-07-26 23:16:08.535210	2025-07-26 23:16:44.342584	0:00:35.807374	0.8802836730924724	0.8571707165465741	0.9967146090384755	0.9188216396693913	0.7777777777777779	
0	2	5	 1	 0.2	 0.2	 0.4	 0.4	 0.4	 0.4	 0.4	 0.3	 0.2	 0.3	 0.3	1	2025-07-26 23:16:09.743820	2025-07-26 23:16:44.434195	0:00:34.690375	0.8802836730924724	0.8571707165465741	0.9967146090384755	0.9188216396693913	0.7777777777777779	
0	1	5	 1	 0.2	 0.2	 0.3	 0.3	 0.3	 0.3	 0.1	 0.2	 0.2	 0.2	 0.2	6	2025-07-26 23:16:08.535210	2025-07-26 23:16:44.938819	0:00:36.403609	0.8802836730924724	0.8571707165465741	0.9967146090384755	0.9188216396693913	0.7777777777777779	
0	1	5	 1	 0.2	 0.2	 0.3	 0.3	 0.3	 0.3	 0.1	 0.2	 0.2	 0.2	 0.2	7	2025-07-26 23:16:08.535210	2025-07-26 23:16:45.095922	0:00:36.560712	0.8802836730924724	0.8571707165465741	0.9967146090384755	0.9188216396693913	0.7777777777777779	
0	1	5	 1	 0.2	 0.2	 0.3	 0.3	 0.3	 0.3	 0.1	 0.2	 0.2	 0.2	 0.2	8	2025-07-26 23:16:08.535210	2025-07-26 23:16:45.272207	0:00:36.736997	0.8802836730924724	0.8571707165465741	0.9967146090384755	0.9188216396693913	0.7777777777777779	
0	0	5	 1	 0.2	 0.2	 0.2	 0.2	 0.2	 0.2	 0.1	 0.1	 0.2	 0.1	 0.1	4	2025-07-26 23:16:07.464151	2025-07-26 23:16:47.019845	0:00:39.555694	0.8802836730924724	0.8571707165465741	0.9967146090384755	0.9188216396693913	0.7777777777777779	
0	2	5	 1	 0.2	 0.2	 0.4	 0.4	 0.4	 0.4	 0.4	 0.3	 0.2	 0.3	 0.3	2	2025-07-26 23:16:09.743820	2025-07-26 23:16:47.063328	0:00:37.319508	0.8802836730924724	0.8571707165465741	0.9967146090384755	0.9188216396693913	0.7777777777777779	
0	1	5	 1	 0.2	 0.2	 0.3	 0.3	 0.3	 0.3	 0.1	 0.2	 0.2	 0.2	 0.2	9	2025-07-26 23:16:08.535210	2025-07-26 23:16:47.761957	0:00:39.226747	0.8802836730924724	0.8571707165465741	0.9967146090384755	0.9188216396693913	0.7777777777777779	
0	2	5	 1	 0.2	 0.2	 0.4	 0.4	 0.4	 0.4	 0.4	 0.3	 0.2	 0.3	 0.3	3	2025-07-26 23:16:09.743820	2025-07-26 23:16:48.000903	0:00:38.257083	0.8802836730924724	0.8571707165465741	0.9967146090384755	0.9188216396693913	0.7777777777777779	
0	2	5	 1	 0.2	 0.2	 0.4	 0.4	 0.4	 0.4	 0.4	 0.3	 0.2	 0.3	 0.3	4	2025-07-26 23:16:09.743820	2025-07-26 23:16:50.723265	0:00:40.979445	0.8802836730924724	0.8571707165465741	0.9967146090384755	0.9188216396693913	0.7777777777777779	
0	1	5	 1	 0.2	 0.2	 0.3	 0.3	 0.3	 0.3	 0.1	 0.2	 0.2	 0.2	 0.2	10	2025-07-26 23:16:08.535210	2025-07-26 23:16:50.800212	0:00:42.265002	0.8802836730924724	0.8571707165465741	0.9967146090384755	0.9188216396693913	0.7777777777777779	
0	0	5	 1	 0.2	 0.2	 0.2	 0.2	 0.2	 0.2	 0.1	 0.1	 0.2	 0.1	 0.1	5	2025-07-26 23:16:07.464151	2025-07-26 23:16:51.250557	0:00:43.786406	0.8903103752777403	0.8476579174534664	0.9994000299985001	0.9172027495773087	0.8181818181818181	
0	0	5	 1	 0.2	 0.2	 0.2	 0.2	 0.2	 0.2	 0.1	 0.1	 0.2	 0.1	 0.1	6	2025-07-26 23:16:07.464151	2025-07-26 23:16:51.470808	0:00:44.006657	0.8903103752777403	0.8476579174534664	0.9994000299985001	0.9172027495773087	0.8181818181818181	
0	1	5	 1	 0.2	 0.2	 0.3	 0.3	 0.3	 0.3	 0.1	 0.2	 0.2	 0.2	 0.2	11	2025-07-26 23:16:08.535210	2025-07-26 23:16:52.010308	0:00:43.475098	0.8903103752777403	0.8476579174534664	0.9994000299985001	0.9172027495773087	0.8181818181818181	
0	3	5	 1	 0.2	 0.2	 0.2	 0.2	 0.3	 0.2	 0.4	 0.2	 0.2	 0.1	 0.1	5	2025-07-26 23:16:13.648698	2025-07-26 23:16:52.054327	0:00:38.405629	0.8903103752777403	0.8476579174534664	0.9994000299985001	0.9172027495773087	0.8181818181818181	
0	3	5	 1	 0.2	 0.2	 0.2	 0.2	 0.3	 0.2	 0.4	 0.2	 0.2	 0.1	 0.1	6	2025-07-26 23:16:13.648698	2025-07-26 23:16:52.283230	0:00:38.634532	0.8903103752777403	0.8476579174534664	0.9994000299985001	0.9172027495773087	0.8181818181818181	
0	0	5	 1	 0.2	 0.2	 0.2	 0.2	 0.2	 0.2	 0.1	 0.1	 0.2	 0.1	 0.1	7	2025-07-26 23:16:07.464151	2025-07-26 23:16:52.529265	0:00:45.065114	0.8903103752777403	0.8476579174534664	0.9994000299985001	0.9172027495773087	0.8181818181818181	
0	0	5	 1	 0.2	 0.2	 0.2	 0.2	 0.2	 0.2	 0.1	 0.1	 0.2	 0.1	 0.1	8	2025-07-26 23:16:07.464151	2025-07-26 23:16:52.741842	0:00:45.277691	0.8903103752777403	0.8476579174534664	0.9994000299985001	0.9172027495773087	0.8181818181818181	
0	0	5	 1	 0.2	 0.2	 0.2	 0.2	 0.2	 0.2	 0.1	 0.1	 0.2	 0.1	 0.1	9	2025-07-26 23:16:07.464151	2025-07-26 23:16:53.306061	0:00:45.841910	0.8903103752777403	0.8476579174534664	0.9994000299985001	0.9172027495773087	0.8181818181818181	
0	0	5	 1	 0.2	 0.2	 0.2	 0.2	 0.2	 0.2	 0.1	 0.1	 0.2	 0.1	 0.1	10	2025-07-26 23:16:07.464151	2025-07-26 23:16:53.854642	0:00:46.390491	0.8903103752777403	0.8476579174534664	0.9994000299985001	0.9172027495773087	0.8181818181818181	
0	2	5	 1	 0.2	 0.2	 0.4	 0.4	 0.4	 0.4	 0.4	 0.3	 0.2	 0.3	 0.3	5	2025-07-26 23:16:09.743820	2025-07-26 23:16:53.955166	0:00:44.211346	0.8903103752777403	0.8476579174534664	0.9994000299985001	0.9172027495773087	0.8181818181818181	
0	0	5	 1	 0.2	 0.2	 0.2	 0.2	 0.2	 0.2	 0.1	 0.1	 0.2	 0.1	 0.1	11	2025-07-26 23:16:07.464151	2025-07-26 23:16:54.135145	0:00:46.670994	0.8903103752777403	0.8476579174534664	0.9994000299985001	0.9172027495773087	0.8181818181818181	
0	1	5	 1	 0.2	 0.2	 0.3	 0.3	 0.3	 0.3	 0.1	 0.2	 0.2	 0.2	 0.2	12	2025-07-26 23:16:08.535210	2025-07-26 23:16:54.624042	0:00:46.088832	0.8903103752777403	0.8476579174534664	0.9994000299985001	0.9172027495773087	0.8181818181818181	
0	3	5	 1	 0.2	 0.2	 0.2	 0.2	 0.3	 0.2	 0.4	 0.2	 0.2	 0.1	 0.1	7	2025-07-26 23:16:13.648698	2025-07-26 23:16:54.775268	0:00:41.126570	0.8903103752777403	0.8476579174534664	0.9994000299985001	0.9172027495773087	0.8181818181818181	
0	1	5	 1	 0.2	 0.2	 0.3	 0.3	 0.3	 0.3	 0.1	 0.2	 0.2	 0.2	 0.2	13	2025-07-26 23:16:08.535210	2025-07-26 23:16:54.807009	0:00:46.271799	0.8903103752777403	0.8476579174534664	0.9994000299985001	0.9172027495773087	0.8181818181818181	
0	3	5	 1	 0.2	 0.2	 0.2	 0.2	 0.3	 0.2	 0.4	 0.2	 0.2	 0.1	 0.1	8	2025-07-26 23:16:13.648698	2025-07-26 23:16:55.416419	0:00:41.767721	0.8903103752777403	0.8476579174534664	0.9994000299985001	0.9172027495773087	0.8181818181818181	
0	3	5	 1	 0.2	 0.2	 0.2	 0.2	 0.3	 0.2	 0.4	 0.2	 0.2	 0.1	 0.1	9	2025-07-26 23:16:13.648698	2025-07-26 23:16:55.944522	0:00:42.295824	0.8903103752777403	0.8476579174534664	0.9994000299985001	0.9172027495773087	0.8181818181818181	
0	3	5	 1	 0.2	 0.2	 0.2	 0.2	 0.3	 0.2	 0.4	 0.2	 0.2	 0.1	 0.1	10	2025-07-26 23:16:13.648698	2025-07-26 23:16:56.161812	0:00:42.513114	0.8903103752777403	0.8476579174534664	0.9994000299985001	0.9172027495773087	0.8181818181818181	
0	1	5	 1	 0.2	 0.2	 0.3	 0.3	 0.3	 0.3	 0.1	 0.2	 0.2	 0.2	 0.2	14	2025-07-26 23:16:08.535210	2025-07-26 23:16:56.952599	0:00:48.417389	0.8903103752777403	0.8476579174534664	0.9994000299985001	0.9172027495773087	0.8181818181818181	
0	2	5	 1	 0.2	 0.2	 0.4	 0.4	 0.4	 0.4	 0.4	 0.3	 0.2	 0.3	 0.3	6	2025-07-26 23:16:09.743820	2025-07-26 23:16:57.570424	0:00:47.826604	0.8903103752777403	0.8476579174534664	0.9994000299985001	0.9172027495773087	0.8181818181818181	
0	1	5	 1	 0.2	 0.2	 0.3	 0.3	 0.3	 0.3	 0.1	 0.2	 0.2	 0.2	 0.2	15	2025-07-26 23:16:08.535210	2025-07-26 23:16:57.569312	0:00:49.034102	0.8903103752777403	0.8476579174534664	0.9994000299985001	0.9172027495773087	0.8181818181818181	
0	3	5	 1	 0.2	 0.2	 0.2	 0.2	 0.3	 0.2	 0.4	 0.2	 0.2	 0.1	 0.1	11	2025-07-26 23:16:13.648698	2025-07-26 23:16:58.551643	0:00:44.902945	0.8903103752777403	0.8476579174534664	0.9994000299985001	0.9172027495773087	0.8181818181818181	
0	1	5	 1	 0.2	 0.2	 0.3	 0.3	 0.3	 0.3	 0.1	 0.2	 0.2	 0.2	 0.2	16	2025-07-26 23:16:08.535210	2025-07-26 23:16:58.635929	0:00:50.100719	0.8903103752777403	0.8476579174534664	0.9994000299985001	0.9172027495773087	0.8181818181818181	
0	0	5	 1	 0.2	 0.2	 0.2	 0.2	 0.2	 0.2	 0.1	 0.1	 0.2	 0.1	 0.1	12	2025-07-26 23:16:07.464151	2025-07-26 23:16:59.405361	0:00:51.941210	0.8903103752777403	0.8476579174534664	0.9994000299985001	0.9172027495773087	0.8181818181818181	
0	0	5	 1	 0.2	 0.2	 0.2	 0.2	 0.2	 0.2	 0.1	 0.1	 0.2	 0.1	 0.1	13	2025-07-26 23:16:07.464151	2025-07-26 23:16:59.976644	0:00:52.512493	0.8903103752777403	0.8476579174534664	0.9994000299985001	0.9172027495773087	0.8181818181818181	
0	1	5	 1	 0.2	 0.2	 0.3	 0.3	 0.3	 0.3	 0.1	 0.2	 0.2	 0.2	 0.2	17	2025-07-26 23:16:08.535210	2025-07-26 23:17:00.151594	0:00:51.616384	0.8903103752777403	0.8476579174534664	0.9994000299985001	0.9172027495773087	0.8181818181818181	
0	0	5	 1	 0.2	 0.2	 0.2	 0.2	 0.2	 0.2	 0.1	 0.1	 0.2	 0.1	 0.1	14	2025-07-26 23:16:07.464151	2025-07-26 23:17:00.200587	0:00:52.736436	0.8903103752777403	0.8476579174534664	0.9994000299985001	0.9172027495773087	0.8181818181818181	
0	1	5	 1	 0.2	 0.2	 0.3	 0.3	 0.3	 0.3	 0.1	 0.2	 0.2	 0.2	 0.2	18	2025-07-26 23:16:08.535210	2025-07-26 23:17:02.702058	0:00:54.166848	0.8903103752777403	0.8476579174534664	0.9994000299985001	0.9172027495773087	0.8181818181818181	
0	2	5	 1	 0.2	 0.2	 0.4	 0.4	 0.4	 0.4	 0.4	 0.3	 0.2	 0.3	 0.3	7	2025-07-26 23:16:09.743820	2025-07-26 23:17:02.802605	0:00:53.058785	0.8903103752777403	0.8476579174534664	0.9994000299985001	0.9172027495773087	0.8181818181818181	
0	0	5	 1	 0.2	 0.2	 0.2	 0.2	 0.2	 0.2	 0.1	 0.1	 0.2	 0.1	 0.1	15	2025-07-26 23:16:07.464151	2025-07-26 23:17:03.332610	0:00:55.868459	0.8903103752777403	0.8476579174534664	0.9994000299985001	0.9172027495773087	0.8181818181818181	
0	0	5	 1	 0.2	 0.2	 0.2	 0.2	 0.2	 0.2	 0.1	 0.1	 0.2	 0.1	 0.1	16	2025-07-26 23:16:07.464151	2025-07-26 23:17:03.545517	0:00:56.081366	0.8903103752777403	0.8476579174534664	0.9994000299985001	0.9172027495773087	0.8181818181818181	
0	0	5	 1	 0.2	 0.2	 0.2	 0.2	 0.2	 0.2	 0.1	 0.1	 0.2	 0.1	 0.1	17	2025-07-26 23:16:07.464151	2025-07-26 23:17:03.732201	0:00:56.268050	0.8903103752777403	0.8476579174534664	0.9994000299985001	0.9172027495773087	0.8181818181818181	
0	3	5	 1	 0.2	 0.2	 0.2	 0.2	 0.3	 0.2	 0.4	 0.2	 0.2	 0.1	 0.1	12	2025-07-26 23:16:13.648698	2025-07-26 23:17:03.755974	0:00:50.107276	0.8903103752777403	0.8476579174534664	0.9994000299985001	0.9172027495773087	0.8181818181818181	
0	0	5	 1	 0.2	 0.2	 0.2	 0.2	 0.2	 0.2	 0.1	 0.1	 0.2	 0.1	 0.1	18	2025-07-26 23:16:07.464151	2025-07-26 23:17:04.000926	0:00:56.536775	0.8903103752777403	0.8476579174534664	0.9994000299985001	0.9172027495773087	0.8181818181818181	
0	0	5	 1	 0.2	 0.2	 0.2	 0.2	 0.2	 0.2	 0.1	 0.1	 0.2	 0.1	 0.1	19	2025-07-26 23:16:07.464151	2025-07-26 23:17:04.217129	0:00:56.752978	0.8903103752777403	0.8476579174534664	0.9994000299985001	0.9172027495773087	0.8181818181818181	
0	2	5	 1	 0.2	 0.2	 0.4	 0.4	 0.4	 0.4	 0.4	 0.3	 0.2	 0.3	 0.3	8	2025-07-26 23:16:09.743820	2025-07-26 23:17:04.205777	0:00:54.461957	0.8903103752777403	0.8476579174534664	0.9994000299985001	0.9172027495773087	0.8181818181818181	
0	0	5	 1	 0.2	 0.2	 0.2	 0.2	 0.2	 0.2	 0.1	 0.1	 0.2	 0.1	 0.1	20	2025-07-26 23:16:07.464151	2025-07-26 23:17:04.405590	0:00:56.941439	0.8903103752777403	0.8476579174534664	0.9994000299985001	0.9172027495773087	0.8181818181818181	
0	3	5	 1	 0.2	 0.2	 0.2	 0.2	 0.3	 0.2	 0.4	 0.2	 0.2	 0.1	 0.1	13	2025-07-26 23:16:13.648698	2025-07-26 23:17:04.385323	0:00:50.736625	0.8903103752777403	0.8476579174534664	0.9994000299985001	0.9172027495773087	0.8181818181818181	
0	0	5	 1	 0.2	 0.2	 0.2	 0.2	 0.2	 0.2	 0.1	 0.1	 0.2	 0.1	 0.1	21	2025-07-26 23:16:07.464151	2025-07-26 23:17:04.579166	0:00:57.115015	0.8903103752777403	0.8476579174534664	0.9994000299985001	0.9172027495773087	0.8181818181818181	
0	0	5	 1	 0.2	 0.2	 0.2	 0.2	 0.2	 0.2	 0.1	 0.1	 0.2	 0.1	 0.1	22	2025-07-26 23:16:07.464151	2025-07-26 23:17:04.783880	0:00:57.319729	0.8903103752777403	0.8476579174534664	0.9994000299985001	0.9172027495773087	0.8181818181818181	
0	3	5	 1	 0.2	 0.2	 0.2	 0.2	 0.3	 0.2	 0.4	 0.2	 0.2	 0.1	 0.1	14	2025-07-26 23:16:13.648698	2025-07-26 23:17:04.981839	0:00:51.333141	0.8903103752777403	0.8476579174534664	0.9994000299985001	0.9172027495773087	0.8181818181818181	
0	1	5	 1	 0.2	 0.2	 0.3	 0.3	 0.3	 0.3	 0.1	 0.2	 0.2	 0.2	 0.2	19	2025-07-26 23:16:08.535210	2025-07-26 23:17:05.070834	0:00:56.535624	0.8903103752777403	0.8476579174534664	0.9994000299985001	0.9172027495773087	0.8181818181818181	
0	3	5	 1	 0.2	 0.2	 0.2	 0.2	 0.3	 0.2	 0.4	 0.2	 0.2	 0.1	 0.1	15	2025-07-26 23:16:13.648698	2025-07-26 23:17:05.179190	0:00:51.530492	0.8903103752777403	0.8476579174534664	0.9994000299985001	0.9172027495773087	0.8181818181818181	
0	0	5	 1	 0.2	 0.2	 0.2	 0.2	 0.2	 0.2	 0.1	 0.1	 0.2	 0.1	 0.1	23	2025-07-26 23:16:07.464151	2025-07-26 23:17:05.342671	0:00:57.878520	0.8903103752777403	0.8476579174534664	0.9994000299985001	0.9172027495773087	0.8181818181818181	
0	3	5	 1	 0.2	 0.2	 0.2	 0.2	 0.3	 0.2	 0.4	 0.2	 0.2	 0.1	 0.1	16	2025-07-26 23:16:13.648698	2025-07-26 23:17:05.390335	0:00:51.741637	0.8903103752777403	0.8476579174534664	0.9994000299985001	0.9172027495773087	0.8181818181818181	
0	2	5	 1	 0.2	 0.2	 0.4	 0.4	 0.4	 0.4	 0.4	 0.3	 0.2	 0.3	 0.3	9	2025-07-26 23:16:09.743820	2025-07-26 23:17:05.550169	0:00:55.806349	0.8903103752777403	0.8476579174534664	0.9994000299985001	0.9172027495773087	0.8181818181818181	
0	0	5	 1	 0.2	 0.2	 0.2	 0.2	 0.2	 0.2	 0.1	 0.1	 0.2	 0.1	 0.1	24	2025-07-26 23:16:07.464151	2025-07-26 23:17:05.568635	0:00:58.104484	0.8903103752777403	0.8476579174534664	0.9994000299985001	0.9172027495773087	0.8181818181818181	
0	2	5	 1	 0.2	 0.2	 0.4	 0.4	 0.4	 0.4	 0.4	 0.3	 0.2	 0.3	 0.3	10	2025-07-26 23:16:09.743820	2025-07-26 23:17:05.841794	0:00:56.097974	0.8903103752777403	0.8476579174534664	0.9994000299985001	0.9172027495773087	0.8181818181818181	
0	0	5	 1	 0.2	 0.2	 0.2	 0.2	 0.2	 0.2	 0.1	 0.1	 0.2	 0.1	 0.1	25	2025-07-26 23:16:07.464151	2025-07-26 23:17:06.207499	0:00:58.743348	0.8903103752777403	0.8476579174534664	0.9994000299985001	0.9172027495773087	0.8181818181818181	
0	3	5	 1	 0.2	 0.2	 0.2	 0.2	 0.3	 0.2	 0.4	 0.2	 0.2	 0.1	 0.1	17	2025-07-26 23:16:13.648698	2025-07-26 23:17:06.443544	0:00:52.794846	0.8903103752777403	0.8476579174534664	0.9994000299985001	0.9172027495773087	0.8181818181818181	
0	0	5	 1	 0.2	 0.2	 0.2	 0.2	 0.2	 0.2	 0.1	 0.1	 0.2	 0.1	 0.1	26	2025-07-26 23:16:07.464151	2025-07-26 23:17:06.754039	0:00:59.289888	0.8903103752777403	0.8476579174534664	0.9994000299985001	0.9172027495773087	0.8181818181818181	
0	0	5	 1	 0.2	 0.2	 0.2	 0.2	 0.2	 0.2	 0.1	 0.1	 0.2	 0.1	 0.1	27	2025-07-26 23:16:07.464151	2025-07-26 23:17:06.951944	0:00:59.487793	0.8903103752777403	0.8476579174534664	0.9994000299985001	0.9172027495773087	0.8181818181818181	
0	0	5	 1	 0.2	 0.2	 0.2	 0.2	 0.2	 0.2	 0.1	 0.1	 0.2	 0.1	 0.1	28	2025-07-26 23:16:07.464151	2025-07-26 23:17:07.160759	0:00:59.696608	0.8903103752777403	0.8476579174534664	0.9994000299985001	0.9172027495773087	0.8181818181818181	
0	3	5	 1	 0.2	 0.2	 0.2	 0.2	 0.3	 0.2	 0.4	 0.2	 0.2	 0.1	 0.1	18	2025-07-26 23:16:13.648698	2025-07-26 23:17:07.160759	0:00:53.512061	0.8903103752777403	0.8476579174534664	0.9994000299985001	0.9172027495773087	0.8181818181818181	
0	0	5	 1	 0.2	 0.2	 0.2	 0.2	 0.2	 0.2	 0.1	 0.1	 0.2	 0.1	 0.1	29	2025-07-26 23:16:07.464151	2025-07-26 23:17:07.490986	0:01:00.026835	0.8903103752777403	0.8476579174534664	0.9994000299985001	0.9172027495773087	0.8181818181818181	
0	1	5	 1	 0.2	 0.2	 0.3	 0.3	 0.3	 0.3	 0.1	 0.2	 0.2	 0.2	 0.2	20	2025-07-26 23:16:08.535210	2025-07-26 23:17:07.541055	0:00:59.005845	0.8903103752777403	0.8476579174534664	0.9994000299985001	0.9172027495773087	0.8181818181818181	
0	1	5	 1	 0.2	 0.2	 0.3	 0.3	 0.3	 0.3	 0.1	 0.2	 0.2	 0.2	 0.2	21	2025-07-26 23:16:08.535210	2025-07-26 23:17:07.736081	0:00:59.200871	0.8903103752777403	0.8476579174534664	0.9994000299985001	0.9172027495773087	0.8181818181818181	
0	3	5	 1	 0.2	 0.2	 0.2	 0.2	 0.3	 0.2	 0.4	 0.2	 0.2	 0.1	 0.1	19	2025-07-26 23:16:13.648698	2025-07-26 23:17:07.777401	0:00:54.128703	0.8903103752777403	0.8476579174534664	0.9994000299985001	0.9172027495773087	0.8181818181818181	
0	0	5	 1	 0.2	 0.2	 0.2	 0.2	 0.2	 0.2	 0.1	 0.1	 0.2	 0.1	 0.1	30	2025-07-26 23:16:07.464151	2025-07-26 23:17:07.687147	0:01:00.222996	0.8903103752777403	0.8476579174534664	0.9994000299985001	0.9172027495773087	0.8181818181818181	
0	3	5	 1	 0.2	 0.2	 0.2	 0.2	 0.3	 0.2	 0.4	 0.2	 0.2	 0.1	 0.1	20	2025-07-26 23:16:13.648698	2025-07-26 23:17:07.969892	0:00:54.321194	0.8903103752777403	0.8476579174534664	0.9994000299985001	0.9172027495773087	0.8181818181818181	
0	3	5	 1	 0.2	 0.2	 0.2	 0.2	 0.3	 0.2	 0.4	 0.2	 0.2	 0.1	 0.1	21	2025-07-26 23:16:13.648698	2025-07-26 23:17:08.487049	0:00:54.838351	0.8903103752777403	0.8476579174534664	0.9994000299985001	0.9172027495773087	0.8181818181818181	
0	2	5	 1	 0.2	 0.2	 0.4	 0.4	 0.4	 0.4	 0.4	 0.3	 0.2	 0.3	 0.3	11	2025-07-26 23:16:09.743820	2025-07-26 23:17:08.646093	0:00:58.902273	0.8903103752777403	0.8476579174534664	0.9994000299985001	0.9172027495773087	0.8181818181818181	
0	3	5	 1	 0.2	 0.2	 0.2	 0.2	 0.3	 0.2	 0.4	 0.2	 0.2	 0.1	 0.1	22	2025-07-26 23:16:13.648698	2025-07-26 23:17:08.677000	0:00:55.028302	0.8903103752777403	0.8476579174534664	0.9994000299985001	0.9172027495773087	0.8181818181818181	
0	3	5	 1	 0.2	 0.2	 0.2	 0.2	 0.3	 0.2	 0.4	 0.2	 0.2	 0.1	 0.1	23	2025-07-26 23:16:13.648698	2025-07-26 23:17:08.873780	0:00:55.225082	0.8903103752777403	0.8476579174534664	0.9994000299985001	0.9172027495773087	0.8181818181818181	
0	2	5	 1	 0.2	 0.2	 0.4	 0.4	 0.4	 0.4	 0.4	 0.3	 0.2	 0.3	 0.3	12	2025-07-26 23:16:09.743820	2025-07-26 23:17:08.865871	0:00:59.122051	0.8903103752777403	0.8476579174534664	0.9994000299985001	0.9172027495773087	0.8181818181818181	
0	3	5	 1	 0.2	 0.2	 0.2	 0.2	 0.3	 0.2	 0.4	 0.2	 0.2	 0.1	 0.1	24	2025-07-26 23:16:13.648698	2025-07-26 23:17:09.033621	0:00:55.384923	0.8903103752777403	0.8476579174534664	0.9994000299985001	0.9172027495773087	0.8181818181818181	
0	2	5	 1	 0.2	 0.2	 0.4	 0.4	 0.4	 0.4	 0.4	 0.3	 0.2	 0.3	 0.3	13	2025-07-26 23:16:09.743820	2025-07-26 23:17:09.057621	0:00:59.313801	0.8903103752777403	0.8476579174534664	0.9994000299985001	0.9172027495773087	0.8181818181818181	
0	3	5	 1	 0.2	 0.2	 0.2	 0.2	 0.3	 0.2	 0.4	 0.2	 0.2	 0.1	 0.1	25	2025-07-26 23:16:13.648698	2025-07-26 23:17:09.222495	0:00:55.573797	0.8903103752777403	0.8476579174534664	0.9994000299985001	0.9172027495773087	0.8181818181818181	
0	3	5	 1	 0.2	 0.2	 0.2	 0.2	 0.3	 0.2	 0.4	 0.2	 0.2	 0.1	 0.1	26	2025-07-26 23:16:13.648698	2025-07-26 23:17:09.720962	0:00:56.072264	0.8903103752777403	0.8476579174534664	0.9994000299985001	0.9172027495773087	0.8181818181818181	
0	3	5	 1	 0.2	 0.2	 0.2	 0.2	 0.3	 0.2	 0.4	 0.2	 0.2	 0.1	 0.1	27	2025-07-26 23:16:13.648698	2025-07-26 23:17:09.905948	0:00:56.257250	0.8903103752777403	0.8476579174534664	0.9994000299985001	0.9172027495773087	0.8181818181818181	
0	3	5	 1	 0.2	 0.2	 0.2	 0.2	 0.3	 0.2	 0.4	 0.2	 0.2	 0.1	 0.1	28	2025-07-26 23:16:13.648698	2025-07-26 23:17:10.073238	0:00:56.424540	0.8903103752777403	0.8476579174534664	0.9994000299985001	0.9172027495773087	0.8181818181818181	
0	3	5	 1	 0.2	 0.2	 0.2	 0.2	 0.3	 0.2	 0.4	 0.2	 0.2	 0.1	 0.1	29	2025-07-26 23:16:13.648698	2025-07-26 23:17:10.245100	0:00:56.596402	0.8903103752777403	0.8476579174534664	0.9994000299985001	0.9172027495773087	0.8181818181818181	
0	1	5	 1	 0.2	 0.2	 0.3	 0.3	 0.3	 0.3	 0.1	 0.2	 0.2	 0.2	 0.2	22	2025-07-26 23:16:08.535210	2025-07-26 23:17:10.345963	0:01:01.810753	0.8903103752777403	0.8476579174534664	0.9994000299985001	0.9172027495773087	0.8181818181818181	
0	2	5	 1	 0.2	 0.2	 0.4	 0.4	 0.4	 0.4	 0.4	 0.3	 0.2	 0.3	 0.3	14	2025-07-26 23:16:09.743820	2025-07-26 23:17:11.007931	0:01:01.264111	0.8903103752777403	0.8476579174534664	0.9994000299985001	0.9172027495773087	0.8181818181818181	
